c,x,t,y
33,.0184725235371386,0,790.4048959890362
33,.1363095973338946,0,540.0848572277081
66,.1498826856438318,0,1438.682082175154
66,.1608121869269286,0,1412.837170115619
66,.1938072003524805,0,1545.286853310742
66,.2662153371118081,0,1367.20269999369
33,.2859864372304011,0,738.9997219324829
33,.3052203741558901,0,854.7926110642623
33,.3440836136879066,0,848.43778441529
33,.3487900963985546,0,760.5660517709063
33,.4177725896801099,0,757.8817795312137
66,.4531789292700039,0,1376.853736949814
33,.5196965597773828,0,662.451844163405
33,.5227629542965739,0,846.5812492990233
33,.7334597207036997,0,637.7115555955639
33,.7538023323334753,0,706.510351537229
33,.8201446918088995,0,749.4016732459078
33,.8671947020386983,0,768.9734516182974
66,.8883595439982073,0,1308.888306170192
66,.9321872698618505,0,1522.788813376352
33,.9876246347263584,0,563.5533887311533
33,1.006613986958282,0,825.2788070359145
66,1.095398903341394,0,1558.487238833439
66,1.151840376174695,0,1519.227947557196
66,1.20193179199618,0,1592.653687326699
33,1.211250165116795,0,775.7798445527185
66,1.231986128116647,0,1441.53482115699
66,1.243159142093353,0,1613.406341005873
66,1.316875643806592,0,1498.941994694744
33,1.423484738602754,0,731.2451194145574
66,1.499414393976062,0,1519.279930207212
33,1.524244502875016,0,728.5825840412425
33,1.530149336404352,0,692.7079754326825
33,1.651141137946544,0,726.94785428456
33,1.682283802486728,0,726.0931996816476
33,1.700492017583455,0,806.0554190358674
66,1.72203474386764,0,1430.677323963101
66,1.767261442985191,0,1555.917301935304
33,1.815078479998677,0,810.0785747238401
33,1.818982310186768,0,613.7636166703157
66,1.83075667117526,0,1417.222998488601
33,1.850350437714809,0,887.1744261977736
33,1.944691539826227,0,702.9868134878283
33,2.019196416032887,0,770.6681601685065
66,2.021198785301082,0,1385.922354361612
33,2.060423050960936,0,772.1580432273273
66,2.070320876594745,0,1463.648294849979
33,2.088869128240856,0,747.0368076412811
33,2.125845393721082,0,674.4824375497492
66,2.220209190350075,0,1452.411114883649
66,2.255370369978749,0,1551.233354203641
66,2.275980565579283,0,1462.965155746453
66,2.30034986635278,0,1361.843916375627
33,2.347505116314441,0,555.1559346255444
66,2.360997800198572,0,1459.370165125573
33,2.369639315888461,0,947.5467187604295
33,2.471699618386125,0,810.7863546446851
33,2.498507098642955,0,854.0470032165569
66,2.501677105821576,0,1291.132628585172
66,2.538471016616517,0,1477.902145164615
33,2.592992236578062,0,616.4120455445243
33,2.599351853278631,0,624.1060602516556
66,2.65224775980909,0,1381.234681572436
33,2.678791640089739,0,752.3908713596222
66,2.825441858543865,0,1498.379892632326
33,2.832462987564288,0,781.9265263698314
66,2.836207227112297,0,1442.493046836743
33,2.855686733899077,0,678.2958564294391
66,3.021938717662975,0,1544.555621710401
66,3.106960537734749,0,1601.432763608368
33,3.159432440004195,0,906.6630848402938
33,3.247918604296107,0,1003.122480510248
33,3.257617108971156,0,797.0837479879276
33,3.295441669517529,0,831.3417415939872
66,3.403159695424141,0,1556.98342466208
33,3.412127476100901,0,718.1576466894969
33,3.463570595026122,0,831.6221373767395
66,3.469035865588011,0,1702.885213958561
33,3.489262929352732,0,840.1830913527865
33,3.566064974012051,0,881.9019927337653
33,3.608473926611666,0,866.9550296568506
33,3.673937069645505,0,918.9053711455275
33,3.680381669044686,0,731.5482144792642
33,3.689935361259777,0,747.4448569771927
66,3.717232136795412,0,1521.85396827429
33,3.824017924634504,0,768.2470902821275
66,3.86864034407276,0,1506.285888930166
66,3.879730001595283,0,1577.472679623412
66,3.889452366239576,0,1533.923789412174
66,3.904126379800121,0,1590.121167076622
66,3.933427008864221,0,1660.242871914074
33,4.015533865353616,0,634.8682763707573
33,4.046330190051151,0,852.0912842560126
66,4.052673565096542,0,1818.834788800735
33,4.099890412268625,0,955.5374183533022
66,4.120380598665873,0,1701.268979029544
66,4.216485238212087,0,1590.264000362042
33,4.21818023866517,0,840.2297902686541
33,4.256091201876499,0,944.2790763609733
33,4.325499629367158,0,807.0660452482363
33,4.386122700336525,0,755.5625533148984
66,4.408112334844139,0,1405.436626366304
66,4.420254158360237,0,1510.814741198363
33,4.42153533367774,0,961.1980961793216
33,4.438920891567621,0,800.6924951065457
66,4.499651403646842,0,1467.194217291591
33,4.54078033774702,0,844.4796029890338
33,4.541226954741584,0,992.5129489257612
33,4.541511739735816,0,713.4910375422314
33,4.661484166951057,0,830.0986862859506
66,4.681514681964394,0,1830.986239274748
66,4.78237484540246,0,1521.437228744879
33,5.020460010333327,0,921.7482661982615
66,5.084893255462896,0,1553.127385633973
66,5.278225502764633,0,1409.968979818538
66,5.296028806524145,0,1469.690706267473
66,5.346531353584505,0,1571.71889131913
66,5.431370154059801,0,1480.845104717091
33,5.452213256941862,0,637.6786059305108
66,5.46214283471963,0,1530.747045274347
33,5.472943477578085,0,733.4036881129418
66,5.502834638416843,0,1559.717900610182
33,5.635692727359565,0,705.0233470583822
66,5.707359886281916,0,1519.179446538
33,5.767901251386542,0,668.3249611833687
66,5.805724587108363,0,1602.829662704439
66,5.862104695977266,0,1785.084744432932
66,5.891459513162156,0,1543.153219869793
66,6.013644928237715,0,1443.914345191825
66,6.167734349416232,0,1535.314645494818
66,6.331686312517915,0,1518.517680274218
33,6.420178920838737,0,741.7036473271326
66,6.47789531191415,0,1511.596456635173
66,6.52254746755111,0,1613.992192785227
33,6.603088567363081,0,721.4700334275445
66,6.6453877417323,0,1501.35213623219
66,6.671948125396277,0,1664.254444287618
33,6.694305155109037,0,799.2686496139002
33,6.740110120996368,0,827.705557943285
66,6.754469439132816,0,1420.356970067869
66,6.823364858700709,0,1457.276061231603
66,6.90686015325176,0,1447.361254725803
33,7.052800331545416,0,847.9175432820476
33,7.086408004592293,0,1016.37406300205
33,7.110509182708402,0,715.8688255597259
33,7.229638123783644,0,641.4814168370654
66,7.300241274304254,0,1517.496384212109
66,7.427286312372983,0,1678.525965996693
66,7.457202052705359,0,1620.45860100839
33,7.463772257252,0,865.1254969407719
33,7.495110555471818,0,854.6951725313562
33,7.501002121460843,0,864.3321467466749
33,7.51765225955382,0,660.4288814594055
33,7.612885279227378,0,815.4379707606403
66,7.720168686434469,0,1563.385686719627
66,7.735037532469525,0,1530.556491098982
33,7.740517053313189,0,993.994261803455
66,7.762742962167424,0,1583.197652542489
66,7.776628191626534,0,1455.708795420643
33,7.802349231473215,0,979.7612427997942
66,7.823905681587229,0,1557.419909479772
66,7.828436138314288,0,1458.872458589411
66,7.945106735258866,0,1444.674604833072
33,8.052148552795579,0,683.4144974786672
66,8.099458664709658,0,1390.905703052275
33,8.250253626555749,0,872.7283870587698
66,8.345518994886991,0,1635.334329924894
66,8.372691241694009,0,1649.67169731878
33,8.438108750185192,0,868.8102148030458
33,8.471238769731492,0,780.2546731388859
66,8.473208726261239,0,1450.652069746618
33,8.484079168022129,0,941.1879276473522
66,8.598462959036556,0,1595.317521041869
33,8.674777690748082,0,845.3993350590542
33,8.675047791502777,0,765.4629702840515
33,8.688191143541902,0,923.6372465174352
33,8.710776345737548,0,932.9095253922671
33,8.804952960966805,0,866.8114695373749
66,8.817776297771395,0,1705.59450531065
66,8.826372190811782,0,1764.181407352844
33,8.834158334432162,0,796.638572660187
66,8.869616688427906,0,1684.072064683175
33,8.946784482841375,0,744.6277354018093
33,8.959591751115015,0,979.5416899480324
33,9.058889079341171,0,683.4692247405731
33,9.139451637952256,0,836.7002494329329
66,9.140426882307729,0,1572.357372559303
66,9.209612219989005,0,1678.450292636059
33,9.287240368655947,0,720.3880603436658
66,9.305243255794659,0,1566.274549547318
66,9.328133772782687,0,1553.278938266253
66,9.35449758267054,0,1643.484846206433
33,9.442192442749454,0,781.827526592059
33,9.545588674212146,0,839.7544180430316
66,9.568614834392786,0,1415.477806871711
33,9.571288037492199,0,859.4344953657494
33,9.631826287340573,0,795.6849395707951
66,9.636932739599057,0,1473.975308394876
33,9.640401295056577,0,748.9389465421544
33,9.652511078252458,0,853.9478153184872
33,9.653712613596921,0,966.2538619817146
33,9.654303770485518,0,952.0059324732646
33,9.688907204077413,0,882.3478552708051
33,9.764835825572227,0,867.1116155589614
33,9.83408275654406,0,931.5153202373484
66,9.841927525919092,0,1624.131774612621
66,9.941379602528732,0,1694.469008523593
66,10.01955285639818,0,1610.600926299352
66,10.14655027388186,0,1637.274624888352
33,10.16900379692379,0,781.7411660171603
33,10.26241559404789,0,738.9273975760295
66,10.36665811681464,0,1776.716888096804
66,10.4047620426761,0,1578.574380307057
66,10.40602948118926,0,1702.156463472462
66,10.54416170625857,0,1636.025984311151
33,10.5725561952427,0,623.5127208915427
33,10.58120933723218,0,889.9311831112184
66,10.59113547015983,0,1708.730624621256
66,10.59286225602895,0,1779.587761941068
33,10.67849218984219,0,819.4430983016243
66,10.79472471035959,0,1922.68733569363
33,10.79680846083005,0,848.1584883947942
33,10.87300598913977,0,911.424977986568
33,10.8939748721009,0,847.9279135339666
66,10.93131875919894,0,1436.531634308655
33,10.99623519860459,0,985.6291623778242
66,11.0566651913362,0,1771.539907567009
33,11.12331601051987,0,1001.659811229093
66,11.12623402102114,0,1854.629895570112
33,11.14703687732707,0,946.8024073840039
33,11.27925492823417,0,868.5377031495215
33,11.30687340045601,0,885.2894670475415
66,11.31135775061253,0,1768.174072371302
66,11.33313187304649,0,1502.258149507346
66,11.38410074835884,0,1673.301859798038
66,11.39288605984291,0,1690.19940229406
33,11.39989674338132,0,768.3995250373389
33,11.61197922702965,0,858.0413202186069
66,11.63066233116848,0,1755.980416696565
33,11.85596355870507,0,1027.326427431133
66,11.8618211751934,0,1616.144197018072
33,11.8696905666675,0,975.472061032665
33,11.96613165706274,0,883.6846421082634
66,12.12901416936144,0,1505.853170844884
33,12.25963189623412,0,848.6994038731
66,12.32754456529871,0,1447.054348592601
66,12.46050477521971,0,1753.142440698194
66,12.62538453696241,0,1554.885878434875
66,12.66457182124127,0,1727.270973533199
33,12.75813507588551,0,1024.23828016533
66,12.76841019016256,0,1799.82064745824
33,12.80289209053746,0,945.4477336152914
33,12.80931634654662,0,862.3466343496202
66,12.8283038037467,0,1595.847246000702
33,12.85523047780633,0,957.1131984769484
33,12.88747013879802,0,967.3730507097616
66,12.91584688725599,0,1578.395098330843
33,12.92402329569326,0,891.1923637754843
66,12.9768900168539,0,1738.95301676953
66,13.06628847183783,0,1789.881917297702
66,13.17236477995541,0,1709.238534572475
33,13.26603828258782,0,785.2379790685579
33,13.27081786557368,0,739.8049883488229
33,13.31046360042375,0,956.3655576847468
33,13.34635833138008,0,912.0125589879176
33,13.38996030594134,0,821.7295649743587
33,13.40755547217728,0,998.8834886286195
33,13.56724188245774,0,729.9518780209654
33,13.59005497649578,0,1080.053638022219
66,13.66079950720022,0,1894.350863475705
33,13.6646294487686,0,732.3331645605462
66,13.70886324399087,0,1641.781144611695
33,13.7569300206413,0,815.3285519457272
33,13.76249958526191,0,861.7975691213692
66,13.80655985095881,0,1670.343484408407
33,13.82796642361964,0,894.1619284155401
33,13.84411515919911,0,964.8778312243728
66,14.17040701277009,0,1905.36728662431
66,14.22445473373925,0,1620.738096772948
33,14.28953760668644,0,699.8223075463815
33,14.2947976023135,0,1052.854414391131
66,14.38260417956899,0,1815.160353549731
33,14.39644806000054,0,895.8900518391772
66,14.48686636272173,0,1916.879055761611
66,14.55071026047895,0,1718.834240052417
33,14.59103296959489,0,1047.519987891202
33,14.63856725246121,0,909.3020693736476
66,14.69240092173077,0,1829.482373193557
33,14.6977660089321,0,940.6782622214976
66,14.78423787321442,0,1570.237401525765
66,14.79082413480443,0,1640.35343632267
66,14.79163572946055,0,1779.148358848482
33,14.9142243405452,0,1037.42282623624
33,14.93719867061835,0,884.8533243412641
33,14.9448734268692,0,941.4967211531357
33,14.95153759752704,0,824.2964833650003
66,14.98599651860314,0,1561.728726973724
66,15.21629706305908,0,1768.649390245423
66,15.30707593398574,0,1809.974244256249
33,15.36294424442851,0,904.0302055913244
33,15.38195840620377,0,935.3559684306977
66,15.39572291585899,0,1720.684695447259
33,15.54392814839108,0,789.3995390685216
33,15.80796437380346,0,919.1675275671612
33,15.84520760769642,0,1071.065379306143
33,15.97559387398467,0,740.2567398826634
66,16.01285910516214,0,1793.998761676631
66,16.06358533225741,0,1692.677909115384
33,16.11449268987516,0,902.8779886383422
33,16.213510580045,0,875.3307627092808
66,16.2846376238262,0,1666.879136476417
66,16.30087555303804,0,1676.798567842033
66,16.301645768145,0,1738.761271139393
66,16.33247429056838,0,1773.850647613108
33,16.37711149981725,0,944.5987454801186
66,16.39703342047573,0,1445.466620975849
66,16.43307418954202,0,1798.227171726069
33,16.48882141694893,0,662.313451926068
33,16.49395228090206,0,809.4241070082471
33,16.49701308387462,0,859.5698904420738
66,16.49896811292294,0,1617.226970503093
33,16.50914634872939,0,996.1280837077983
33,16.63647794109383,0,935.2695367944626
33,16.63714763125729,0,854.8997495366571
33,16.77032241178002,0,996.2428416650033
33,16.81080745554881,0,1038.618613163039
66,16.91447400401825,0,1770.756624867219
66,16.97070721870498,0,1642.189465568081
66,16.99590024509921,0,1581.058034764989
66,17.01410553830561,0,1796.335424677529
66,17.04644695379908,0,1713.365196721783
66,17.04659757468753,0,1857.107506962191
33,17.08824596611239,0,893.3420856088809
66,17.21990928937921,0,1679.37547659307
66,17.22295310580061,0,1769.457474142976
33,17.29306632818285,0,855.5831640318864
66,17.32474199121999,0,1768.488533383922
33,17.3678822312802,0,1007.286492748112
66,17.40624411405599,0,1799.923747992154
33,17.45769491357073,0,781.3150137466291
33,17.46860592285858,0,955.9842462650029
66,17.47041266688553,0,1624.486977677334
66,17.47131841326927,0,1715.104842660698
66,17.47643726986098,0,1699.717350426556
33,17.49891224698114,0,1038.262283058746
66,17.56261277964727,0,1775.728295522445
66,17.60099592645626,0,1759.965538881278
66,17.6114433682386,0,1697.459888634223
33,17.63780982217164,0,961.7951054078336
33,17.7832490311706,0,1011.798281869984
66,17.78720082915634,0,1767.094564381072
33,17.88244686554951,0,949.876900295045
66,17.90906418728232,0,1758.419824368901
33,17.96715482709367,0,888.145161944869
33,17.99300197513064,0,934.9460053558673
66,18.11049372555694,0,1601.996331440431
66,18.11879073865147,0,1803.025696229533
66,18.12803815542471,0,1771.234806959192
66,18.1332955624855,0,1536.486119316583
33,18.16306158594497,0,940.6094313581842
33,18.31292199347831,0,980.0284754043112
66,18.39008786674316,0,1857.83899251598
33,18.42219024641955,0,729.9246973975127
66,18.4328876677441,0,1741.18695496653
33,18.43830361776983,0,1004.736156023041
33,18.52177017892581,0,1009.000211174539
33,18.58819530621006,0,998.2328084813968
66,18.65184536764931,0,1881.662129491559
66,18.66558985053744,0,1868.570351299999
33,18.69937441315354,0,1028.185698040695
33,18.74016599407545,0,698.5533553245647
33,18.7680389135159,0,997.1834439103213
66,18.76839824941411,0,1646.300921129342
66,18.82574135306406,0,1683.444366805853
66,18.83299940927653,0,1742.158571526515
66,18.91259544905443,0,1743.686614153138
33,19.00222143049585,0,865.0676066484598
33,19.09824023041103,0,935.9208987791172
33,19.18170790093269,0,829.0642219441641
33,19.2387201999736,0,843.154131722045
33,19.26826839552792,0,853.792322525471
66,19.32956937126559,0,1666.558147305802
33,19.46068157696487,0,859.61492810293
33,19.4914209747946,0,870.0381091686044
66,19.50848099697217,0,1881.532766771969
33,19.52357882621857,0,1128.449169980088
33,19.57707897565383,0,895.4530228704733
66,19.59102445059931,0,1502.646649343953
33,19.61260634509846,0,881.2293220127866
33,19.74322398653617,0,962.2609747470973
33,19.80502081076156,0,964.6261400874768
66,20.02373121981173,0,1747.522174708809
66,20.08590464651264,0,1802.745182713399
33,20.10435726506444,0,1010.730490956761
66,20.16012891063311,0,1808.646775384441
33,20.161038353857,0,865.4306969120663
33,20.17340792698269,0,800.3482875705944
33,20.19750974188727,0,1089.229364818809
33,20.20381687815308,0,1051.182003338078
66,20.26468285372752,0,1831.259624822319
33,20.32500779420768,0,899.7392935611606
33,20.38710042324804,0,956.652366482284
66,20.4634982015916,0,1719.997743073379
33,20.47094705006601,0,1101.87171215636
66,20.47536922740966,0,1776.991385318477
33,20.48970034107108,0,768.0608205095357
33,20.50263536982267,0,828.5132728496237
66,20.50381944129437,0,1803.240887398366
66,20.54301291130119,0,1782.212816538068
33,20.58176826450621,0,838.8228180766706
33,20.65663003211203,0,856.5685060039108
66,20.7873871057109,0,1852.61490800876
66,20.82021921977516,0,1787.438824366757
66,20.91590133263442,0,1719.170349431674
33,21.01469995213775,0,955.0024157769498
33,21.03053445166724,0,1017.573567534029
33,21.06372273504388,0,1000.573171169141
33,21.18568403589222,0,889.0693741335509
66,21.32959067144736,0,1841.340383136267
33,21.37025806693481,0,1141.234336746364
66,21.37471098192286,0,1806.837701268088
33,21.42248240902805,0,904.5946959106335
66,21.44323738109978,0,1829.456058301347
66,21.45359371815353,0,1893.074357916898
66,21.45773037798228,0,1932.219665092299
66,21.46007278355236,0,1787.108681400302
33,21.54025825446789,0,844.9252298552367
66,21.55348146288326,0,1749.009914429434
66,21.646224405699,0,1729.897622501977
33,21.78381971621289,0,904.5206524590986
33,21.83804890596598,0,954.391544856817
33,21.90996715583934,0,1033.065057043551
66,21.92623668479962,0,1859.994680683662
33,21.99755909185047,0,943.329072461798
66,22.09364701261293,0,1835.482101568099
33,22.19615810132266,0,953.4004797267761
33,22.19639909117518,0,964.6749492623414
33,22.27030408528806,0,937.2607578915506
66,22.44790116196048,0,1689.557126995139
66,22.51264558508058,0,1630.236271297851
33,22.51610087555166,0,781.8349152308301
33,22.5440028716286,0,1122.339570537527
66,22.54788097679633,0,1762.429217964781
66,22.59181705549266,0,1866.685947785476
66,22.71232297462239,0,1873.233581806478
33,22.7543470206928,0,785.9059377352535
33,22.75529670808832,0,938.5025842600111
33,22.78204135190362,0,1024.690745538507
66,22.85042722046838,0,1649.176996217817
66,22.9298356178491,0,1753.303657600478
33,22.97005773944906,0,899.5721772659524
33,22.99842046743193,0,1161.35929355072
33,23.0169368048354,0,967.0272846085103
33,23.03783632712887,0,889.317277917599
66,23.07114137023841,0,1800.113080857179
66,23.08206613805998,0,1973.171024379462
33,23.14560135194185,0,1057.197653089688
33,23.52905535316742,0,812.0585377518537
66,23.56057072086629,0,1683.447588563551
33,23.58953782169892,0,1084.08447935945
33,23.63827019290473,0,901.7419664455147
66,23.67405925520504,0,1794.23642467677
33,23.85955105860692,0,831.1375872969462
33,23.87133515545709,0,827.9736576132926
33,23.92202747374127,0,885.0514583328931
66,23.97790328905797,0,1981.185621151854
33,23.99432554525308,0,969.0617839204815
33,24.03028458103903,0,781.3198489541006
66,24.12483037576178,0,1776.935353888034
33,24.14829918478451,0,959.0326846933422
66,24.18515336269421,0,1787.273976929743
33,24.20241917644476,0,830.6796990672881
33,24.27152940393623,0,1044.487981909813
66,24.28003521954002,0,1724.140988991092
33,24.28684037432857,0,813.896643003716
33,24.30261066277696,0,945.529760461892
33,24.35540092459202,0,1080.563613251078
33,24.39509603700841,0,1039.518245006262
33,24.53113650275017,0,987.4281526691539
33,24.54206011902364,0,1070.215837022691
66,24.56200790033637,0,1689.852372206163
33,24.59800848670376,0,949.910925621257
66,24.64249584535781,0,1771.748047562822
66,24.67788581811209,0,1579.248886337567
33,24.68876880670198,0,984.9205663601156
66,24.73645326085737,0,1805.985603570621
33,25.00299372718467,0,919.9887357351954
33,25.01640591980562,0,950.1877965646429
33,25.12555400082449,0,825.0365274019187
66,25.18313976732237,0,1689.375611889276
33,25.2891494498673,0,996.8255558724299
66,25.45190237408127,0,1803.395899328548
66,25.5662700370734,0,1871.824851049333
66,25.61199629270045,0,1848.271913777502
66,25.66585769193218,0,1720.589798483874
33,25.68897389016646,0,1075.58709501126
33,25.71000399072957,0,923.521533743971
33,25.81755659082837,0,1057.152251860655
33,25.89654879364168,0,919.6145530636178
66,26.03624639543448,0,1819.807877036656
33,26.17775103796915,0,983.6445562800031
66,26.26527611713866,0,1654.91152803764
66,26.31427336290534,0,1840.278399398048
66,26.34502648630474,0,1819.471725862426
33,26.37802812952111,0,920.3321087822088
33,26.43649215723384,0,938.1200208482997
66,26.44511195250757,0,1818.069464758729
33,26.45636958178458,0,954.6979682709107
66,26.55986942747602,0,1874.863060184801
66,26.65655294323491,0,1953.124118837803
33,26.68857097531377,0,995.846401138848
33,26.69082633728678,0,1073.206978575292
66,26.79208060439678,0,1719.25546764683
66,26.81752307032973,0,1713.478634803268
66,26.82315826145117,0,1950.346471511735
66,26.92490458446358,0,1767.758102365138
33,26.98659990428737,0,1046.197144260856
33,26.99717999337524,0,1142.567294344414
33,27.0131938696261,0,850.0546549040049
33,27.06914360757925,0,949.1064655256296
33,27.08604350904854,0,896.4243928705475
33,27.14857014426119,0,1048.594977171539
33,27.15537703773904,0,962.0345862748969
33,27.16833421858506,0,869.7672973451861
66,27.16984514764366,0,1644.088258089797
33,27.17405822071778,0,990.7576725609722
33,27.23139043078705,0,915.4244776736003
33,27.26604940317493,0,947.4634991591503
66,27.34418561506843,0,1675.040514321262
66,27.36457023422251,0,1962.057790166079
66,27.44426333201272,0,1747.418954131915
33,27.47245562486696,0,956.4558641546375
66,27.47482488426655,0,2028.16856123334
66,27.49319633120085,0,1878.787627989103
66,27.57786548929507,0,1827.205478282806
66,27.57953680581514,0,1940.014289657363
33,27.60108340405022,0,1041.730456345053
33,27.72788213683409,0,904.3010226342956
33,27.75184196843664,0,807.5556176402934
66,27.83185551969013,0,1928.958742892201
33,28.01304664001579,0,974.2658249319865
66,28.07423295432142,0,1931.805869084493
33,28.26042831053456,0,1048.211644092371
66,28.3143031207265,0,1833.734718562145
33,28.31923047461794,0,1111.361058834401
66,28.66094377307785,0,1921.472912938627
33,28.71557379417623,0,887.8583874067194
66,28.75814344535378,0,1968.837027499658
33,28.83341416751425,0,1255.019230143953
66,28.94070308113651,0,1987.945125971662
33,28.94308581725432,0,1039.242682526616
66,28.98438733145051,0,1883.872336322032
66,29.12646693189801,0,1871.672757946452
66,29.24272843446615,0,1824.112800346621
66,29.2724924700213,0,1957.769208106286
33,29.34597451339304,0,1241.644551772304
66,29.40971623088263,0,1757.746078022562
66,29.41971034872398,0,1715.645287193195
66,29.45703479866463,0,1955.250169863415
66,29.45747747217463,0,1867.594557205637
66,29.50317910834314,0,1851.368682372476
66,29.53885017666121,0,1931.380731885701
66,29.58491516772283,0,1914.589539178684
66,29.60061336247885,0,2058.625689665542
66,29.60172184181661,0,1949.879953639691
33,29.66401437819072,0,1041.435809929734
66,29.71386351802351,0,2014.807009182477
33,29.71548632885271,0,959.7293062495437
66,29.72488961906728,0,1848.208961880028
66,29.73817008515679,0,1950.570353710093
33,29.77742620363851,0,1119.64820105886
66,29.86061636046208,0,1993.376085243573
33,29.92962246647816,0,984.2967714339317
33,29.97818462179555,0,1018.360820208401
33,30.03805405454435,0,962.6687889741861
33,30.05245672361575,0,832.4378660056251
66,30.08768287749192,0,1938.199915537929
33,30.21676555132321,0,767.9114371204141
66,30.2276378225011,0,1864.750234613797
33,30.2567050083317,0,911.2503582710714
66,30.39657255424243,0,1905.276251453057
66,30.55841030120529,0,1667.651512636124
33,30.60019009270757,0,935.1796491598283
66,30.69795784753347,0,1932.003910524011
33,30.72757910600324,0,1075.034759238708
33,30.81599856218204,0,1088.251289646647
66,30.82959247843263,0,1951.29548832538
33,30.89772423533067,0,880.7332281839576
66,30.99829475456998,0,1809.705732341687
66,31.02676160466366,0,1950.465809408264
33,31.11915639524702,0,977.1975163997105
33,31.13866574978627,0,1117.901462898875
33,31.21632840775407,0,838.3016873645469
33,31.23330175555187,0,1019.811622424061
33,31.25404494685199,0,841.362058060565
33,31.3447560542144,0,841.5449883762483
66,31.36460160523015,0,1897.88182115667
33,31.38244461431777,0,958.8554555590324
33,31.38996004474685,0,953.1403448083229
33,31.42580462340975,0,967.3330936179398
33,31.46128065998831,0,1087.814319156869
66,31.54627373415383,0,2082.73376208036
33,31.5464321732054,0,1109.432763825772
66,31.57001001032834,0,1826.193854393434
66,31.58612450731074,0,1974.404673631031
66,31.67389148628595,0,1808.314080634055
33,31.68770190897953,0,782.8591596217015
66,31.70608517730774,0,1728.76693607303
66,31.81360120004629,0,1925.164322070575
66,31.88445265471967,0,1937.981253337552
66,31.99500850844378,0,1973.0067266754
33,32.00437006841382,0,1010.47978876626
33,32.09423616511319,0,945.9004137893979
33,32.13215630877054,0,856.0123944579898
33,32.13268987967165,0,788.9534087701592
33,32.13927995849987,0,1015.718108635917
33,32.16974428712211,0,1164.557637176692
66,32.20623249083022,0,1993.497697891404
66,32.21158785009398,0,1817.44254721122
66,32.25133685788077,0,2031.719550609398
66,32.26036990277944,0,2034.561020926535
33,32.27766276114804,0,808.850717514506
66,32.28116500037902,0,1890.349627129002
33,32.28788786489517,0,1082.821935982274
66,32.30258586509424,0,1985.224070548715
33,32.33679490254483,0,1086.22816770821
33,32.4446977752629,0,993.0563963366789
66,32.50722501406552,0,1834.779650886919
33,32.55852221786938,0,1235.148290216286
66,32.64106378458286,0,1993.431837090824
33,32.70694583110657,0,869.3582560907038
66,32.84452248428634,0,1662.849671358755
66,32.8528149597579,0,1725.294606850849
33,32.95299948917171,0,1047.472633670147
33,32.95546838046134,0,1026.996838537231
66,33.0337543371685,0,1798.56749262426
66,33.14917393196927,0,1963.399947774392
66,33.15967165386237,0,1959.727123890007
66,33.17805918093334,0,1802.092573387813
33,33.25624007529103,1,1523.954450321134
66,33.26672691246076,0,1945.412987004129
66,33.33900308036583,0,1921.11834959505
33,33.36498568687972,1,1487.116195878072
66,33.49668498423538,0,2029.309941569583
66,33.5872422074703,0,1946.032117678962
66,33.59305423411348,0,1887.354296200641
33,33.74158633945311,1,1440.043641065152
33,33.79888866241069,1,1306.661287451363
33,33.84307078114003,1,1395.299381589629
66,33.85353178960086,0,1950.25887031134
33,33.96956561446351,1,1457.782762853025
66,33.97308720019715,0,1957.596033205212
33,34.05953720299827,1,1608.995939795059
66,34.12759917293226,0,1749.931187359438
33,34.29726229201206,1,1464.098539295447
33,34.30917813432169,1,1372.28619362406
33,34.31250783374721,1,1520.920339229792
66,34.38286036831889,0,2021.986628197841
33,34.46431153223174,1,1564.771060337492
33,34.47001498635186,1,1343.996700580082
66,34.48385506220627,0,1986.467803297722
66,34.49739218858515,0,1875.734693493432
66,34.49987909411581,0,1872.686814128608
33,34.50306081397129,1,1393.319918836206
66,34.53138454228576,0,1847.952145480004
33,34.5776232114503,1,1480.765367989013
66,34.58376656448551,0,1893.81377535842
66,34.59106469255847,0,1852.940957970677
33,34.62875723871698,1,1419.783894684097
33,34.73895554260332,1,1433.003257915878
66,34.75090012694812,0,1938.349346741688
66,34.77812044385685,0,1964.669599263811
66,34.79090278831652,0,1865.172433037221
66,34.80951149068453,0,1925.862045547916
33,34.88717045561948,1,1492.432034496885
66,34.8899152917658,0,1921.244321485053
33,35.02680749696074,1,1542.550284154781
33,35.039067381313,1,1544.396387506062
66,35.04830341000641,0,1743.728333864145
33,35.08548959879649,1,1527.081874081455
33,35.13704461079698,1,1473.93641471929
33,35.23825479111677,1,1553.341540678406
66,35.24112004580577,0,1828.125655732185
33,35.26045788853335,1,1483.364931529558
66,35.33688726582486,0,1704.171941513579
33,35.38082587718213,1,1451.056409021639
66,35.41958880583492,0,1890.127944931261
66,35.44115659377677,0,1852.645741823427
33,35.49415890111284,1,1542.651949459022
33,35.58787416532473,1,1587.763923105119
33,35.69476539587485,1,1636.667850992165
66,35.73780705678001,0,1859.652835894573
33,35.74097115063878,1,1372.259796913888
66,35.77863785123904,0,1883.45482414023
33,35.82670986572317,1,1285.886908184858
66,35.87536704056276,0,1702.987075204526
66,35.90494798835394,0,1800.284868092534
33,35.9198395385789,1,1504.897318746131
33,35.93071636126034,1,1638.82770878993
66,35.94237532138006,0,2040.093362883518
33,35.95372373689293,1,1404.679054742423
33,35.98654961974715,1,1610.38735597545
66,36.03184335989721,0,1885.078684508058
33,36.063997180393,1,1587.049262830264
33,36.12543162477439,1,1587.052063732357
33,36.13890133642791,1,1429.591015986318
33,36.17646307633603,1,1475.627028196515
66,36.24146037385715,0,1917.902098124462
66,36.25640002195095,0,1846.845115651096
33,36.27680569404738,1,1485.87786281065
33,36.41508069954321,1,1670.311740679318
33,36.43908482858521,1,1529.932131361869
66,36.44912251401355,0,1803.504983223758
66,36.5074754966442,0,1986.544072584847
33,36.52689607218452,1,1460.130570588861
33,36.53556820834744,1,1569.291178270276
66,36.58558500512324,0,1807.172165899024
66,36.61197430343924,0,1814.380332802978
33,36.63345484364061,1,1393.3525799906
33,36.78161224888187,1,1370.119745099986
66,36.85010042146123,0,1878.421311873681
33,36.8774006450291,1,1497.244210081855
33,36.9779143205263,1,1480.736308617396
66,37.00279513922692,0,1834.212856682539
66,37.03323308608163,0,1850.476358390467
33,37.04663660151947,1,1444.01631637006
33,37.18452036406349,1,1500.764839013902
66,37.21534303609683,0,1849.123420181457
33,37.33619931350275,1,1459.784704162566
33,37.36859014302295,1,1529.314176756301
66,37.4806639686894,0,1843.486785961608
33,37.64436820728903,1,1441.572248963158
33,37.74712873058245,1,1707.776246443121
66,37.82269819215583,0,1920.174955786983
33,37.87092182636805,1,1490.810127313705
66,37.95706053879756,0,1881.933784363796
33,38.01901423560599,1,1605.149107879519
66,38.05493410683963,0,1758.419447859367
66,38.08477522861081,0,2011.303075671396
66,38.0850252244887,0,1928.845572652196
66,38.23915758010216,0,2005.907163636359
33,38.2453167031065,1,1578.752174113413
33,38.30579310676655,1,1390.740529870257
66,38.34262358580277,0,2062.054004768903
66,38.44598598238632,0,1917.38074356172
66,38.55711284039566,0,1831.521724138707
66,38.59075321432576,0,1964.387817496799
33,38.60657919663984,1,1528.637740120777
66,38.65013060167989,0,1888.667761954467
33,38.69603774695126,1,1481.504146979891
33,38.70209673652843,1,1566.644035325918
33,38.80391801852144,1,1547.171316615652
66,38.83447532152074,0,2017.200849746494
33,38.8354173212342,1,1540.487173772609
33,39.02474775287745,1,1365.035377189949
33,39.06651625973431,1,1564.981428675434
66,39.11086520484576,0,1823.582343147271
33,39.13818717513075,1,1449.300660364831
66,39.23206642024307,0,1977.60693752165
66,39.36743284011372,0,2001.588177863034
66,39.44168775054236,0,1990.569602609727
66,39.49147459759733,0,1912.903092840845
33,39.84752173891572,1,1352.794881622654
66,39.86436731880515,0,1911.863761887372
33,39.92320202583718,1,1539.009442396015
33,39.99314821875129,1,1280.699496090526
66,40.03243865340603,0,1969.057812203979
33,40.0583166675838,1,1458.146582719059
66,40.07673522770935,0,2064.7073248232
66,40.14561221272489,0,1876.53164537247
33,40.1522921784102,1,1371.883336763259
66,40.15334660604154,0,1885.644641546317
33,40.22151094320835,1,1311.178013931931
66,40.25198232920361,0,1965.161605125967
33,40.32832382816339,1,1375.667355840778
66,40.36625556183281,0,1938.626333568968
33,40.41756240657723,1,1417.042828014694
66,40.49557208884321,0,1944.007001885299
33,40.5501184059704,1,1519.497855807995
66,40.57344331998532,0,1959.094553183767
66,40.61503135153725,0,1791.19048514979
66,40.66096155461626,0,1891.943845139262
66,40.68560534019935,0,1885.499799183468
66,40.77097625181235,0,1865.612243206746
33,40.81415088013348,1,1487.207734109677
33,40.8577465761859,1,1545.814808659345
33,40.87104787627235,1,1500.217556808947
33,40.99021228223884,1,1453.647048124552
33,41.01584198899403,1,1290.472238290104
66,41.05174373396169,0,1940.156456246039
33,41.2824023526214,1,1541.505503555214
66,41.31948044141397,0,1835.038393393536
33,41.37705630875611,1,1555.575358753497
33,41.44088867347345,1,1459.040111059772
33,41.45226883719138,1,1490.890745864198
66,41.56379757485039,0,1885.021745489704
33,41.64996920195004,1,1345.441572112673
66,41.67082128582197,0,1924.383221634193
66,41.69673070992769,0,1897.544965215453
66,41.73037815168252,0,1835.865386172756
33,41.73594794487373,1,1506.025645633548
66,41.86606324798184,0,1947.164569056467
66,41.90525780289672,0,1907.55864580924
33,41.98386513436952,1,1180.775646065835
33,41.98806833387129,1,1559.879548643977
66,41.99003459181439,0,1948.580611670482
33,42.33970127682848,1,1534.812724736239
33,42.34572624701391,1,1551.672440897638
33,42.37315450769371,1,1549.944473686133
33,42.38739380114792,1,1529.540278539928
66,42.4061033971009,0,1827.896745988526
33,42.41405781743747,1,1519.246559501717
33,42.42016021602017,1,1548.444222941708
66,42.47923804557444,0,1977.236042637067
66,42.534692728781,0,1985.382513585407
66,42.59032206193395,0,1932.018801083921
66,42.64451475174834,0,1963.676680686863
33,42.65456338644117,1,1429.794433826268
33,42.67463893300253,1,1367.04713103337
66,42.82078859254813,0,2141.560456001915
33,42.83177979540314,1,1498.098041078834
66,42.90972494044415,0,1924.795319746285
66,43.0427074173174,0,1819.572960236206
33,43.09191101564615,1,1452.881997032554
66,43.12743786372345,0,2018.554222301082
33,43.17559548062812,1,1459.896684451386
66,43.21738736721959,0,1952.26214182122
33,43.25287205559062,1,1558.651624513259
33,43.2613033239137,1,1447.354650405404
66,43.26883690182582,0,1894.557671290903
66,43.27778822882625,0,2020.976036352683
66,43.29889095266152,0,1819.047051621155
66,43.34986001187838,0,2145.251221087249
66,43.36301627068212,0,2010.894680851631
66,43.38236599880027,0,2012.095898359629
66,43.47668873510519,0,2125.182770709826
66,43.56840365437441,0,1695.142923728557
66,43.56988365158919,0,2061.872760535902
66,43.69392868048278,0,1879.066786018287
33,43.76451877021835,1,1590.343358272863
66,43.94713330888852,0,2078.203647005287
66,44.09165800736204,0,2042.032739125234
66,44.10577165618831,0,1957.9253388639
66,44.15367735013859,0,1963.77734939355
66,44.31816350479637,0,2046.217647998735
66,44.33248570067373,0,2053.27367981289
66,44.43861351653881,0,2073.025084454628
66,44.57789721450233,0,1984.512626498813
66,44.72601865517976,0,1957.302860853392
66,44.72686118082287,0,2048.147767722988
33,44.7618853379831,1,1575.341828696986
33,44.77513695503751,1,1473.739817950222
33,44.79783808222814,1,1720.059849768166
33,44.81005349427017,1,1633.619019265769
66,44.82637564832724,0,1921.575725208701
33,44.84186733484653,1,1636.616859396432
66,44.87384357674608,0,1890.35315139209
33,44.89953970669035,1,1719.256378029973
33,45.01372745234023,1,1523.197076983332
33,45.06518685310665,1,1526.682445051019
33,45.17647952065595,1,1356.68237394473
33,45.17797952739141,1,1645.387862712382
33,45.20298668491593,1,1438.327622384916
66,45.28170298270652,0,1946.16309688516
66,45.4108495698116,0,1815.238058208562
66,45.42048531521953,0,2035.220573224702
33,45.45576530754888,1,1486.657155738179
66,45.46706844470572,0,1914.419332597913
66,45.46837456812477,0,2049.691593399262
66,45.48411221161047,0,2103.293004388953
33,45.48539830562136,1,1487.673717133809
33,45.48882093561625,1,1541.580982243326
66,45.54429786111399,0,2027.36935074601
33,45.55598567530862,1,1464.97962197971
33,45.6235360030344,1,1504.488220532763
33,45.85903586403342,1,1300.114574706834
33,45.86007342095076,1,1527.927339192596
66,45.91294507331588,0,1890.072791635927
66,45.96218942335081,0,1962.84776811134
33,46.03091685347772,1,1606.135405878493
33,46.03474977937035,1,1584.271634751541
33,46.05244225529802,1,1440.079156909144
66,46.08968822151637,0,2049.879732446856
66,46.15858799799219,0,1848.645269295867
33,46.18137489390307,1,1653.217185751335
33,46.23141070126632,1,1541.784144183229
33,46.26661811111087,1,1403.848728105817
66,46.3874761726789,0,1677.91772044317
33,46.46198634266799,1,1671.820893323852
33,46.49226680983133,1,1688.235506163211
33,46.54182243953488,1,1619.108804274274
66,46.58934293047551,0,2080.351071799612
33,46.62072269752319,1,1410.633352101309
66,46.6572812142468,0,1852.476579191993
33,46.66852542641288,1,1540.30708207091
33,46.71330933092487,1,1512.76328899347
33,46.75522772688362,1,1344.613370718137
66,46.94957588093153,0,1918.764173557371
33,46.9973794317884,1,1614.900648910101
66,47.0057558120523,0,1906.916786086392
66,47.05948528897105,0,1932.011621703104
33,47.14345000950554,1,1516.77552476729
66,47.14446578366368,0,2080.407017244393
33,47.17337813706349,1,1539.168436761986
66,47.23533799733991,0,2113.110754569699
66,47.2727786197927,0,1949.859648778186
33,47.3146638294477,1,1522.526768284875
33,47.32794996464877,1,1651.014650154633
66,47.35439078666678,0,2145.353438109168
66,47.41452535635094,0,2011.4727271914
66,47.4299664153295,0,2006.72875044646
33,47.43503702647841,1,1697.810042501133
66,47.45159680767465,0,2054.341698613086
33,47.55276845991797,1,1497.025359900479
33,47.63204795949113,1,1544.884304381379
33,47.65315096662325,1,1522.898481156069
33,47.69426247138712,1,1572.249360662224
33,47.71375271759714,1,1438.968052022124
33,47.76549302238854,1,1463.086904077509
66,47.80401244609694,0,1802.057004557884
33,47.95855181018224,1,1506.159648757307
33,47.97018377206329,1,1529.8595224013
66,47.97105513163701,0,2048.009531307474
33,47.9837209444259,1,1544.228419518548
66,48.13895445024682,0,1971.662269363054
66,48.21162212282945,0,2014.941586053887
33,48.21762245105702,1,1331.975946433094
66,48.23095825993126,0,1938.501063213512
66,48.26758204907799,0,2035.447429113294
66,48.2905101001618,0,1862.596836671174
33,48.31383551263567,1,1641.711472984212
66,48.33125879087968,0,2025.098101819392
33,48.33633211972933,1,1365.229585865466
33,48.34259372439173,1,1540.652047806085
66,48.41509915028041,0,2035.884517973665
33,48.42452755742711,1,1590.592026691941
33,48.44660836959159,1,1546.806132060379
66,48.46863836875041,0,1826.849161638781
66,48.64606959746666,0,2101.81345917627
66,48.66609670637404,0,1943.983637538116
33,48.79021886039522,1,1433.261816433772
66,48.8218583131797,0,2169.906348244947
33,48.84153106084971,1,1630.719465728075
33,48.84358555933653,1,1675.399954666645
33,48.84418511899672,1,1502.515168075885
66,48.89876185120637,0,1962.782943564328
33,48.95479621372355,1,1408.558535974037
33,48.97036719799347,1,1428.475437981859
33,49.00448254791591,1,1696.0084970562
66,49.00661568406223,0,2113.728649939743
33,49.01096581329888,1,1463.180053185816
66,49.11027282063295,0,2107.073741178836
66,49.11502700359144,0,2030.700744990063
66,49.12877918272006,0,2046.000722840672
66,49.24881546474146,0,2000.94208512186
66,49.28864121441775,0,1971.592971431053
66,49.29241627522404,0,1945.203424099016
66,49.3348163070655,0,1959.551724006382
66,49.42107428994708,0,1918.916070600579
33,49.49709716872358,1,1487.373964026365
66,49.56513933601799,0,1922.496918400244
66,49.58426714902192,0,1836.654349283886
66,49.58734755675776,0,2071.544417918947
33,49.61258935592527,1,1372.564922335797
33,49.69318872539171,1,1426.288330128688
33,49.70233818439252,1,1582.307777096607
33,49.7291829014909,1,1527.990109876727
66,49.73136971809965,0,2137.247277634053
33,49.74545344488587,1,1498.831062516483
66,49.76559498445309,0,2023.43800538586
66,49.82152482049197,0,2061.610898618776
66,49.89507011724211,0,1916.039416844616
66,49.98045466977216,0,2070.010353379152
66,50.0132371133564,0,2016.36028858135
66,50.03283646203304,0,2111.712798280588
33,50.04264141616933,1,1556.185398135427
66,50.10943244043254,0,2070.388823017536
33,50.12201984558588,1,1534.401261312016
33,50.2766812344785,1,1351.561311992135
66,50.34210311280899,0,1989.12114543843
66,50.38061695289636,0,1820.03767814942
33,50.43608617927379,1,1576.782897638168
33,50.48972364129166,1,1520.38163042622
66,50.49478992842745,0,1898.508014988891
33,50.53476649539784,1,1475.855359489813
33,50.91283658121481,1,1370.831644421567
33,50.91392567258587,1,1765.406405273239
66,50.95835233128344,0,1876.32161266738
66,51.00503378905076,0,2082.809519027252
66,51.02640406916629,0,1882.399331759681
66,51.16684911931008,0,1951.444578621575
33,51.23526755792559,1,1374.584337883895
66,51.24033850746096,0,2029.461369872616
33,51.29393287440186,1,1392.677053104997
33,51.35824251304534,1,1423.960591432892
33,51.38987535818066,1,1561.352178343406
66,51.44664661151609,0,2019.891459772281
66,51.5567851347196,0,2018.893398142644
33,51.60880738301662,1,1554.463696672779
66,51.61889861111736,0,1996.209645901798
66,51.63650951225048,0,2088.724144365819
33,51.68813287643557,1,1617.174960588328
33,51.70839210215906,1,1384.371669867463
66,51.7087525643693,0,1792.951961236419
33,51.79227371529019,1,1620.301098360099
66,51.80174302130659,0,2090.916354822104
66,51.80530000970599,0,1865.565882471915
33,51.81279655187295,1,1223.973003240507
66,51.85845478009904,0,2148.262979625301
66,51.86075905907398,0,2015.270025598804
33,51.86447833224703,1,1515.942535668727
33,51.87714508712561,1,1507.328276013595
66,51.89457877809128,0,1950.172077934968
33,51.89562413612055,1,1451.2148333986
33,51.89824261895678,1,1453.177841888387
33,51.91939544303542,1,1573.682843142679
66,51.93424846027649,0,1972.739061587008
66,52.0101886593371,0,2021.129719657517
66,52.03592565674894,0,1984.278327379212
33,52.05598810344713,1,1517.829413125726
66,52.09537834739601,0,2165.43636222792
33,52.14147377332751,1,1472.904171754941
66,52.33324470378796,0,2067.279542166221
66,52.45289805769197,0,1986.448930830466
66,52.51749919374732,0,2078.321726177523
33,52.52050781622229,1,1546.807821144316
66,52.5320999961817,0,2016.241134363896
33,52.57200639771676,1,1497.08728045815
33,52.59433857840915,1,1485.63163774172
66,52.59890337088288,0,1986.771182151731
66,52.61484118095111,0,2037.484295516212
33,52.61699813384545,1,1601.008134807183
33,52.7630495340166,1,1646.012615400893
66,52.81805731962902,0,2015.311512743901
33,52.96352678701085,1,1607.110644723794
66,52.96411059236615,0,2101.180866896456
66,52.97511717257534,0,2006.742698818763
33,53.02431068333581,1,1497.67193438179
66,53.05932029896167,0,2174.250841399201
33,53.09250991009152,1,1487.018424558578
33,53.13110127452772,1,1406.882936104468
33,53.13175850797406,1,1651.307383836745
66,53.18847066655735,0,1909.367370766734
66,53.19368044679108,0,1947.348421875222
66,53.25358295180013,0,1965.458062692075
33,53.2791425286632,1,1578.326351003281
33,53.29023561402108,1,1264.321157633947
66,53.44233366018584,0,2272.879273389503
33,53.46151942594012,1,1518.096201873164
33,53.52096545757848,1,1648.946760883379
33,53.52209971637111,1,1522.595923886908
33,53.5487442323452,1,1350.32175605036
33,53.66639857034258,1,1736.157259041126
33,53.83945361933981,1,1435.09663313154
66,53.84382469439427,0,1835.276324707361
66,53.88902135269721,0,2065.041161753346
33,53.95304736603378,1,1488.704466290786
33,53.96007919414746,1,1594.572873482057
66,54.05418473964087,0,2043.828000708215
66,54.06425474560724,0,2053.099780969862
66,54.09249294524411,0,2009.451228164942
66,54.13929416363029,0,2102.919689338487
33,54.15648071440281,1,1554.640826692261
66,54.21806697222556,0,1804.756136451748
33,54.22223055802805,1,1365.000692648297
33,54.27197811690089,1,1496.340326219385
66,54.38058978105936,0,1931.483644024293
66,54.41351598577017,0,1987.040384828732
66,54.43419849059284,0,2291.449910880714
66,54.47809456235294,0,1886.900573102194
33,54.50042265018401,1,1582.257383782406
33,54.62847028705152,1,1702.845004425082
66,54.68456376916223,0,2119.181583468436
66,54.69243155969424,0,1979.160145446063
33,54.69506694511656,1,1522.774873902848
33,54.69666649885353,1,1485.266990961853
33,54.74223981570741,1,1533.122972190971
66,54.79001790014381,0,1791.167021328658
33,54.90725367965411,1,1547.576264148713
66,54.9929980723728,0,1907.141705346942
33,55.06343356140773,1,1612.218943894423
66,55.08439839694606,0,1914.144027877072
66,55.16138575783089,0,2123.554899334849
33,55.16323081850808,1,1454.730706856846
33,55.35688591945677,1,1562.277040735835
66,55.35840302345419,0,2164.529914137881
33,55.36171168311742,1,1552.943255363591
33,55.45882060605839,1,1556.469021122423
33,55.51031619740626,1,1449.01411645827
33,55.5242062110022,1,1592.09507055267
66,55.60376766607743,0,1920.744512904054
33,55.63994307368409,1,1639.314542881324
66,55.64202092676606,0,2138.807867462673
66,55.81617921968361,0,2015.011055951069
66,55.92233603191866,0,2080.087655411098
33,55.963515849773,1,1566.321526891018
66,55.99168817656203,0,2121.45420933841
66,56.09010678137624,0,1985.504877084646
33,56.3478037574629,1,1674.246927684248
33,56.43623540491623,1,1436.855534036097
33,56.48305248467084,1,1438.192082992104
33,56.49009957782253,1,1510.170591752077
66,56.50684867433809,0,1936.477626573141
66,56.51195673407931,0,2067.40339812188
66,56.54693311109929,0,1892.215032713162
66,56.54999640318744,0,2002.786755148107
66,56.59707602810465,0,1953.224529127944
66,56.6008999589262,0,2042.366105772882
33,56.62265576821554,1,1603.198861162676
66,56.63874218972763,0,2055.723350981035
33,56.66702859659806,1,1608.803362505829
33,56.78400323923102,1,1531.827713237774
66,56.94260883678867,0,1924.715179195742
66,57.07041784322621,0,2029.296359005637
66,57.07139179751614,0,2108.739434438524
66,57.1107120556987,0,1885.02555867324
66,57.12439971968041,0,2092.51572132663
66,57.15154919844795,0,1888.652694747425
66,57.17356508239531,0,2082.016057425075
33,57.34231970721674,1,1472.221016569906
66,57.43615026066605,0,2115.317864931546
66,57.46155120963677,0,1929.743769061175
33,57.53792603229869,1,1536.731310742736
33,57.542152582623,1,1345.035596564496
66,57.54572310257434,0,1991.102921956915
33,57.78895334460991,1,1509.227808390303
33,57.824650490629,1,1471.955089136233
33,57.90233278393336,1,1498.429665865214
66,58.00204545683913,0,2041.153175217523
66,58.01665448864465,0,2106.612171596512
33,58.04380408959414,1,1622.490893831752
33,58.06193870104172,1,1544.870760635531
66,58.07177755571031,0,2091.591440183775
66,58.17582192704899,0,1956.446831652847
33,58.24112353074423,1,1403.599084391828
33,58.32267887438009,1,1561.425615887091
66,58.34939906502717,0,1945.927323466827
33,58.3668202351144,1,1455.108852621081
66,58.38736651993769,0,2104.687217372205
66,58.39487699549403,0,1992.301775416075
33,58.41005782362859,1,1643.775329686469
33,58.4465801955765,1,1480.019496474682
66,58.46230028701166,0,1973.241485135407
33,58.50651082133457,1,1467.112249773414
33,58.58005052964995,1,1415.065509367703
33,58.61199112068029,1,1494.653105349113
66,58.62143348310033,0,2214.13585845536
33,58.64920536013346,1,1506.501415934188
33,58.6781815884628,1,1633.889507834576
66,58.82450311919122,0,2037.2182134478
66,58.82845484354377,0,2016.273028582876
33,58.90286060850559,1,1638.28143191694
33,58.91764623305639,1,1256.218050890937
66,58.92257956397976,0,2051.153479582613
33,58.92495051732415,1,1470.341397700124
66,58.95733669838735,0,1910.038925753128
33,59.0686695967234,1,1428.229828595921
66,59.21049690692966,0,1963.373409139767
66,59.24247874962943,0,2119.748827238028
33,59.25817469592059,1,1582.841032537036
66,59.29443364523704,0,1999.855488194886
33,59.37736673669086,1,1457.488752602611
66,59.43488533178795,0,2007.383670448214
33,59.48807910849098,1,1299.215259150096
66,59.49806590412333,0,2095.282249608694
66,59.55663302063282,0,2276.844242224999
33,59.55869070299432,1,1466.67147835489
33,59.62986712568835,1,1557.393305124527
66,59.72152158427774,0,1995.569914849049
66,59.74984811766778,0,2218.57925190419
33,59.84893424265508,1,1502.648618415591
66,60.00561227421811,0,2106.674575859341
33,60.0860860402049,1,1478.699455188254
66,60.11133591830605,0,2043.539725656088
66,60.30550995360867,0,2245.602907092981
33,60.34411115881758,1,1647.920004419029
33,60.40713631678742,1,1539.562127862528
66,60.539079420162,0,2173.931753490001
66,60.55423991738113,0,2097.51329524005
33,60.57843282493497,1,1495.251079099095
66,60.70312549610947,0,1977.101532527455
66,60.74141061909361,0,2129.986758171047
66,60.75024940198698,0,2053.702537037412
66,60.80348238687051,0,2135.00782705282
66,60.81646686168946,0,2087.283472615566
66,60.81800867256556,0,2033.633639361752
66,60.81809855177423,0,2079.847544219881
33,60.82339938083329,1,1413.283416107204
66,60.92686075745598,0,2060.710840240899
66,60.9353367254588,0,2093.25295223164
66,61.07493037559496,0,2065.786995336359
33,61.07704838083624,1,1404.311570815104
66,61.135799408518,0,2051.479983380533
66,61.19410351516813,0,2159.622367617057
66,61.20088914766059,0,1915.418404150374
33,61.22160888997065,1,1400.480650255418
66,61.24315584986923,0,1929.400600065089
33,61.26023780921338,1,1599.44147781839
33,61.27122668309571,1,1527.06835213258
66,61.28471472051547,0,1939.194456026939
66,61.3600204247143,0,2034.955987827798
66,61.37649091127334,0,1974.424465027745
66,61.4195335095628,0,2004.156999143484
33,61.42209103612441,1,1632.514871511026
33,61.44451674185822,1,1497.483254194294
66,61.46164982496244,0,1968.395043199718
33,61.55495000398098,1,1607.70722854328
66,61.66047356067218,0,1975.682771384128
33,61.717314104408,1,1401.092173790322
66,61.80992650631393,0,2076.620455768311
33,61.89114665064989,1,1503.655775375981
66,61.8955199045841,0,2197.977186980525
66,61.90419327327298,0,2053.821743193807
33,61.9149853313388,1,1516.474722552284
66,61.94289320438978,0,2106.558662996989
33,62.0377337532252,1,1570.366232482625
66,62.04874090309779,0,1913.657910269021
33,62.08202335623233,1,1581.229226057359
33,62.16808797083836,1,1462.085191370901
66,62.2165960207988,0,2231.88179847532
33,62.21891958290481,1,1365.366819362612
33,62.26910524659937,1,1406.456174459976
66,62.28576058404377,0,1976.545473875676
33,62.46378018467734,1,1498.88218225397
66,62.49210885834972,0,2171.773139630086
33,62.49383931119638,1,1355.570832222059
33,62.51603834017067,1,1373.969631190009
33,62.55214489746543,1,1603.133440902038
66,62.55478837085583,0,2031.237214391632
66,62.63480468986887,0,1885.327866722143
66,62.75546062867075,0,2319.221501786992
66,62.75560017048144,0,2119.750774773478
66,62.76135200594536,0,1919.774336851854
33,62.87054106552744,1,1465.998583875871
33,62.91219098909712,1,1612.46139619195
33,62.91510690110528,1,1498.143678430645
66,62.92136711781683,0,2212.573478425251
33,62.95219854928173,1,1493.400512150489
33,63.06959065577397,1,1560.037910651004
66,63.15904000127824,0,2109.274378094743
66,63.25456123194847,0,2109.644758159418
33,63.30933294306528,1,1460.863480199613
33,63.3610601405406,1,1507.047848108325
33,63.39769476090881,1,1523.825993696324
33,63.41382131523362,1,1250.539883606484
33,63.48989326707745,1,1563.989668516534
66,63.55996259441131,0,2100.692162078436
66,63.56223718527006,0,2025.479901293744
33,63.58731780381957,1,1525.888800084378
33,63.64796045347882,1,1527.785254154696
66,63.70803527086672,0,2110.579223025292
33,63.76462094038789,1,1445.307163836368
33,63.80712664986136,1,1649.162309117176
66,64.12218333348318,0,1999.721922860619
66,64.14734933569218,0,2154.782424152408
66,64.23525740703749,0,2142.582202232856
33,64.24342411902885,1,1518.202832923455
66,64.24835759701814,0,1935.797456289206
66,64.25272793785062,0,1931.900320198182
66,64.28731117352945,0,2182.388088200797
33,64.37677587873625,1,1454.045520089357
66,64.46795248926436,0,2118.420063542597
33,64.47397373870994,1,1591.188575338189
33,64.59438692561744,1,1611.916378843599
33,64.64591914554492,1,1444.79019107572
33,64.75498445999996,1,1575.963720931366
33,64.82321161430453,1,1603.290057493623
33,64.8476708253482,1,1463.177673288568
33,64.89045756697422,1,1496.091191130655
66,64.94145660747662,0,2042.555965085307
66,65.07624537738948,0,2185.845262461338
33,65.08219777509989,1,1580.414233881061
66,65.16841888732695,0,2034.062719604703
33,65.17417125337312,1,1647.315167172267
33,65.17821053280269,1,1771.840068543475
33,65.22316822688138,1,1434.889426322573
33,65.31338381565568,1,1532.557067520443
66,65.3240396150043,0,2201.74370195645
33,65.37738977626292,1,1642.340693587588
33,65.43799821761877,1,1638.125261243111
33,65.46342042762879,1,1516.26788613237
66,65.47466210780428,0,2087.193108127069
33,65.55805922609417,1,1723.240776005136
66,65.71356514204612,0,2028.069211772431
66,65.78994103285493,0,2187.635132680746
33,65.80321446515846,1,1252.802744974324
66,65.82273767109602,0,1968.929384502199
66,65.95465656724629,0,2040.134271630288
33,65.9643911562534,1,1585.151258138197
66,66.08713768482842,1,2564.115020733656
66,66.15544741904068,1,2383.325899254364
33,66.17530594752743,1,1610.103609646184
66,66.39749087140729,1,2462.957658503321
33,66.40378217317117,1,1503.466755614697
33,66.54901458521849,1,1576.102586403418
33,66.59977845850797,1,1614.790696937067
66,66.71643235269146,1,2525.889804350037
33,66.73979948589076,1,1486.277317136705
66,66.96111866179984,1,2296.062237721257
66,66.96440261286809,1,2425.964569817397
66,67.00492314986217,1,2413.806789792522
33,67.01368838797653,1,1649.163109423983
33,67.01936994538022,1,1583.568607561722
66,67.05969046408667,1,2387.927567411351
33,67.18096794485167,1,1516.661716056867
66,67.21607449039827,1,2258.018478963536
66,67.31707486491708,1,2123.437148039449
66,67.46453296131149,1,2321.830283347303
66,67.5409286895016,1,2426.201262233986
66,67.60067376205899,1,2400.353654575486
33,67.64785426359129,1,1588.922177028935
66,67.73011369212502,1,2636.210861804049
33,67.75658184508396,1,1551.74740720077
66,67.82503138079314,1,2340.986666288977
33,67.85588653297025,1,1262.748618181044
33,67.94177115323851,1,1271.377585396853
33,67.95634159298668,1,1402.943297092477
66,67.96544088619426,1,2503.327218797685
66,68.00584791304479,1,2310.73655465352
66,68.01145383605928,1,2272.624992585367
33,68.091729696249,1,1579.553913315665
33,68.09221012690635,1,1498.341175822478
33,68.17465548502065,1,1383.937778426325
66,68.19017739514783,1,2343.958591640257
66,68.20623335741779,1,2214.862465217971
33,68.28631055667117,1,1480.24394712735
66,68.33866586409866,1,2481.233562756889
33,68.40328585783769,1,1453.93115657267
33,68.5129736493297,1,1607.799724363153
33,68.52789222895794,1,1440.326649982918
66,68.54016714311361,1,2577.637911868532
33,68.54833593847081,1,1578.06896809297
66,68.56348128701471,1,2353.327810966018
33,68.66152174680667,1,1496.720687482665
33,68.6620190229952,1,1345.679443800875
66,68.69750564784238,1,2585.793029830828
66,68.73635598357059,1,2448.550423834359
33,68.79475447109483,1,1601.179963153685
33,68.80603403997387,1,1548.940636482194
33,68.81661525234433,1,1333.082173946529
33,68.84711534009483,1,1370.026642239167
33,68.85058632670086,1,1364.36252101796
33,68.90743599348539,1,1543.210756550343
66,68.93151149404558,1,2447.973047311428
66,68.9394506104022,1,2425.944046160588
66,68.97796275779135,1,2538.277871000099
66,69.01506748904257,1,2653.954099475335
66,69.01930856081347,1,2269.513332425947
33,69.03818509612593,1,1470.433766895297
66,69.06197889390707,1,2380.075828087365
33,69.11972588625093,1,1670.532441122682
66,69.14883457113271,1,2473.099089664509
33,69.20744140641956,1,1431.657481439705
66,69.2143630769977,1,2340.827592398859
33,69.27336198730262,1,1375.418543015121
33,69.34532568164713,1,1527.51245460519
66,69.34802681002734,1,2467.983213327374
33,69.35425229384106,1,1484.811234439087
66,69.36119896467997,1,2490.421307187407
66,69.40205784706443,1,2392.00014006407
33,69.414363216441,1,1605.279699153985
33,69.43715015178981,1,1465.429370449409
33,69.44831942023967,1,1352.923128575698
66,69.47856073409862,1,2264.993421785918
33,69.49196219733457,1,1493.4692499803
33,69.50233461854295,1,1556.287757816127
66,69.55702436423169,1,2401.412567225921
33,69.64866229540139,1,1551.114141179886
66,69.65978015425371,1,2452.020477960954
66,69.67920501938096,1,2624.502609047445
33,69.78495190431387,1,1567.563009923376
33,69.82277532683509,1,1436.670193054761
66,69.84306401736454,1,2317.8416942091
66,69.95601483902676,1,2573.895964147654
33,69.96294840979412,1,1516.859944037684
33,70.08432032743215,1,1569.793465327417
66,70.20370397215405,1,2528.106425745483
66,70.20756930234379,1,2459.258959336827
66,70.27062713957804,1,2558.368196202025
66,70.32391654997373,1,2419.378605727875
66,70.34887377028915,1,2486.387375509302
33,70.49198490300147,1,1587.381528395257
66,70.49699205623902,1,2283.992174713212
66,70.58123744233059,1,2494.303408664026
66,70.67822920762784,1,2501.99443072317
66,70.68416778261509,1,2474.8295764622
66,70.71512543984278,1,2519.609478278514
66,70.71615608713982,1,2462.720282634297
33,70.78790870317556,1,1468.063499280911
66,70.83941137145874,1,2415.030533708702
33,71.01488481841699,1,1471.799539457409
33,71.08122039770191,1,1467.071577791868
66,71.15257197332467,1,2557.184767895409
33,71.18430944604044,1,1505.816846901736
66,71.22090130478044,1,2496.285323937638
66,71.22609689170808,1,2514.933625338053
33,71.24024090467097,1,1514.275904339505
66,71.27118091012598,1,2446.099324416029
66,71.28311322178162,1,2557.095420604079
33,71.35740356599972,1,1518.87231354555
33,71.37253862327235,1,1401.896420612666
66,71.43541815999072,1,2614.965219040042
66,71.43970085235458,1,2605.997057981555
66,71.5280571175107,1,2380.512880677011
66,71.53510159350908,1,2605.311057696306
33,71.67161710312891,1,1545.754959527452
66,71.68093080569059,1,2252.520888081634
33,71.82124194014537,1,1547.31455431462
66,71.84781825760905,1,2397.150818441692
33,71.84823817649058,1,1535.544591781753
33,71.87117895852947,1,1611.866926779824
66,71.8946484298327,1,2403.445769115745
33,71.9014376397727,1,1701.004683858692
66,71.97577403487317,1,2362.101844028095
66,72.0298856404407,1,2435.192833318695
33,72.07576149695382,1,1461.921628706282
66,72.09613225546211,1,2392.15894386746
66,72.2126089524153,1,2575.77403128833
33,72.39472349116322,1,1634.968499416243
33,72.46786940530409,1,1570.049087144423
33,72.47309729855526,1,1603.131769421033
66,72.50821957464648,1,2454.168629034383
66,72.56564571682428,1,2440.152488224794
33,72.59853412261292,1,1642.937356505805
66,72.63664513047043,1,2324.635975987248
33,72.64383771771797,1,1405.669615512038
33,72.75901633676114,1,1258.672809589127
33,72.87997388533972,1,1446.773082349035
66,72.91227838289505,1,2264.548430406696
33,72.95771884619887,1,1557.529293505942
66,72.96869215713984,1,2600.102461284576
66,72.98303912978082,1,2609.397825528677
66,72.9995140302435,1,2314.012313331778
66,73.03737461567387,1,2386.339258862106
66,73.20504929901071,1,2526.300959489165
33,73.23775560856797,1,1661.256038466063
66,73.28085713495055,1,2330.250130763513
66,73.34353357541617,1,2470.921139089229
66,73.36563044040047,1,2456.064081003813
33,73.63223631951229,1,1623.072698444713
66,73.75142400094352,1,2377.574528760516
66,73.81238103456693,1,2500.893377260104
66,73.87323971796479,1,2341.056748811297
33,73.8776134990852,1,1474.142340213864
33,73.89700356085834,1,1599.686419906906
66,73.93415028727304,1,2520.389803547028
33,73.94670609620501,1,1456.4116617348
66,74.08234609367764,1,2411.211004673766
66,74.08875977104582,1,2366.994370885918
33,74.10993022079785,1,1414.802091442612
66,74.16287535120695,1,2510.106196942551
66,74.19432829408686,1,2739.792769494558
33,74.22510074752792,1,1414.659163212386
33,74.24038345818947,1,1490.706001406036
66,74.26032276884799,1,2417.378779726381
66,74.29258152208523,1,2584.762350635274
33,74.35132336195983,1,1560.734600986295
33,74.37958292637767,1,1531.98421600479
66,74.4051171735927,1,2462.201662418852
66,74.4484057838919,1,2596.639838026309
33,74.45277018773649,1,1571.025598347142
33,74.48935150208826,1,1601.211233610419
33,74.49422416699136,1,1432.828212426467
33,74.52901571257097,1,1619.664238306427
33,74.55485716761167,1,1694.456661374876
33,74.56286969687149,1,1565.802740353531
66,74.56304590673611,1,2479.560577381806
33,74.59666610999844,1,1543.166090890044
66,74.68595321607806,1,2592.523117442335
33,74.72053597003951,1,1535.704455172038
66,74.78073924917025,1,2580.655601131472
66,74.79802462253991,1,2559.671158497803
33,74.80426226288887,1,1609.922691764541
33,74.82487849579781,1,1356.442294635879
33,74.83329482969428,1,1513.760971060499
33,74.84395749740909,1,1453.736337193692
66,74.87805959324979,1,2615.638598549613
66,74.88255844079822,1,2413.831250362157
33,74.89329849610523,1,1599.047854624299
66,74.94639154006532,1,2456.324380330028
33,74.97677237438614,1,1481.346170916476
66,75.05149915096652,1,2663.745510054025
66,75.14483616595312,1,2391.929115880801
66,75.17885157043226,1,2467.272268088603
33,75.33594677486514,1,1569.433560087259
33,75.38501366776896,1,1454.733434525589
33,75.40336436999374,1,1590.44754626032
66,75.4104594495409,1,2556.887989136053
33,75.42434161840235,1,1525.69373563015
33,75.51366271145092,1,1527.150983507815
66,75.57206083296948,1,2594.669704318445
33,75.57978890437089,1,1696.945613516722
66,75.75280814951157,1,2551.202081207137
66,75.77423566273812,1,2563.057092738062
33,75.78535775994125,1,1629.635710953834
66,75.88792320770769,1,2531.268086539634
66,75.92370953518416,1,2480.23297459364
33,75.94103648216681,1,1615.768728843668
66,76.00296262448076,1,2570.285618780169
66,76.06177653886005,1,2607.540663165045
33,76.06224574473033,1,1619.925215177206
33,76.11632047665543,1,1646.00543417643
33,76.18679130385026,1,1687.925583670915
33,76.21314050045702,1,1541.566105800077
66,76.23990386541034,1,2439.871208407453
33,76.3525224742866,1,1356.026597412038
66,76.37196485698038,1,2554.470336213568
66,76.5319951194144,1,2560.540659310766
33,76.57151139063524,1,1503.863432409674
33,76.64683383906551,1,1692.383138185111
33,76.65409774043404,1,1592.813867350852
33,76.72456106353377,1,1631.172865292517
33,76.75205289766602,1,1447.723432533145
66,76.7772808101716,1,2767.603958768159
33,76.77861682376556,1,1567.552166266656
66,76.78561899676245,1,2549.48811071012
33,76.7925827499821,1,1534.630907968674
33,76.84242034308794,1,1457.441014565117
33,76.8808164501578,1,1490.151073868951
66,77.02200345352907,1,2541.776114115902
33,77.05237662551875,1,1570.336557421281
33,77.14662539454965,1,1486.011425915778
66,77.1991192540053,1,2591.192460473845
33,77.20399784860305,1,1679.491532159728
33,77.22310569994296,1,1486.814128779901
66,77.26261743487875,1,2353.142507539153
66,77.46328441496077,1,2398.718293544853
66,77.48036821087648,1,2498.483472778638
33,77.49196639326407,1,1358.308178513848
66,77.49884668420447,1,2475.925100796571
66,77.52002100338466,1,2487.540822646288
33,77.52083188647238,1,1723.443721925485
33,77.67793477705104,1,1541.431193249884
66,77.76539466374081,1,2439.293959275342
66,77.78153614575393,1,2636.242708598942
33,77.95681742589837,1,1357.011466206051
66,78.12380676518642,1,2696.942887144032
33,78.22570789407854,1,1512.758540449559
66,78.23756206769251,1,2598.260873247866
33,78.24295142790049,1,1422.702420546979
66,78.24642711573459,1,2734.892827355604
33,78.26504332134977,1,1810.151241890282
66,78.26530480728307,1,2613.228759063226
33,78.27835280203583,1,1696.663770229221
33,78.28125595207727,1,1506.402013334015
33,78.35853397130443,1,1526.266281798554
33,78.38550290162222,1,1532.778594042394
33,78.40243896736318,1,1676.424081150056
66,78.46606356021727,1,2543.951105931888
33,78.47609899300895,1,1731.869550038154
66,78.47880337779336,1,2458.176972991437
33,78.53414261513224,1,1738.772044191183
33,78.60631962255839,1,1660.227136033316
66,78.60709754104643,1,2493.014184681687
66,78.77125404415017,1,2449.630478848123
66,78.93952335743975,1,2507.394388811803
66,78.99612727652111,1,2475.524415024645
66,79.00794739476312,1,2609.824932649806
33,79.08312834712491,1,1529.068021972653
33,79.17895907221833,1,1570.939240156471
66,79.1845813058932,1,2500.229922928112
66,79.24257424550331,1,2484.008496040942
33,79.29983548969973,1,1519.280390977272
66,79.33023197183366,1,2494.888961432625
66,79.37681703075889,1,2494.275444636622
33,79.44883458530262,1,1544.852486844689
66,79.50284812453764,1,2363.966413568173
66,79.51507056258916,1,2723.012452694154
66,79.54420903147657,1,2409.727038414035
66,79.55093281020548,1,2609.740038509885
33,79.55388609412498,1,1633.261963833444
33,79.55463968893523,1,1709.957237875474
66,79.55645469064532,1,2446.152674753752
66,79.57381354865588,1,2462.883381270412
33,79.57672227215427,1,1417.027718863684
33,79.66116347506028,1,1530.358343679037
66,79.68004630817408,1,2384.808421299674
66,79.69237793491587,1,2509.144955458033
33,79.70607127832487,1,1584.566535368867
33,79.70892523893211,1,1540.555397354802
33,79.70975600756373,1,1818.228571770021
33,79.76827323634409,1,1458.460073737274
66,79.78129305903107,1,2480.696394316125
33,79.79595929251802,1,1603.055828261051
66,79.89562664585588,1,2395.934468915302
66,79.93056331927332,1,2559.645082410122
66,79.96946274572737,1,2438.230187400017
33,80.04354393146632,1,1490.953042849709
66,80.05169020214781,1,2515.366343763681
66,80.10534461459542,1,2509.963926876775
66,80.12158611764029,1,2606.329137290332
66,80.17052482284962,1,2486.334569256555
33,80.17713015251397,1,1629.045810061496
66,80.17743688825696,1,2443.587112466841
66,80.21309871397942,1,2409.760038663698
66,80.2374663623673,1,2446.744213416137
66,80.24456803809957,1,2781.20070529607
33,80.31016474811864,1,1563.587461439545
66,80.3616697623136,1,2714.716408278069
33,80.40973281033121,1,1535.065685173429
66,80.45609676997889,1,2602.554234140373
33,80.53644428408752,1,1551.802280533419
66,80.54573527860785,1,2413.444609122704
66,80.56636043204891,1,2626.839645764679
66,80.63350729019275,1,2484.028173720501
33,80.63637362550257,1,1674.893326041378
66,80.69480789898694,1,2680.143142274386
33,80.69639348621404,1,1545.711409032416
33,80.69861636553164,1,1502.425017844914
33,80.78101611450944,1,1494.182906097215
66,80.82241908090168,1,2618.875847789148
33,80.84744803192766,1,1659.449810464319
66,80.89945887814544,1,2807.53774024148
66,81.01014213962837,1,2560.005519863878
66,81.04499709496355,1,2434.657816908621
33,81.0754837023887,1,1515.848673304347
66,81.07750763907161,1,2709.7099331726
33,81.08512304515351,1,1557.116679461789
33,81.1561839675642,1,1383.94698666831
66,81.15859089458813,1,2465.666960789751
66,81.17028156640825,1,2490.788415942404
33,81.25141891898086,1,1578.318400292387
33,81.25380209852735,1,1473.217633923505
66,81.27405247702552,1,2579.417161740067
66,81.30028397760735,1,2632.173434349356
66,81.39768715496206,1,2539.892300379132
33,81.42968957655195,1,1502.153674728657
66,81.44790361671301,1,2569.828905007793
33,81.47295205525046,1,1585.963792415097
66,81.4846012859428,1,2619.623453098082
33,81.56186136200167,1,1664.106592863744
33,81.6859019208448,1,1666.436601688145
66,81.7277409885692,1,2609.606325505528
33,81.73846321902506,1,1497.766094616962
66,81.82809056671459,1,2521.162220662993
66,81.8823365045766,1,2735.797154651273
33,81.94775441551163,1,1579.123351867377
66,81.9941373948745,1,2477.025861599094
33,82.19359607084566,1,1536.262401512291
33,82.19557794942861,1,1457.795841634564
66,82.25987251356838,1,2633.720886475951
66,82.26989521294659,1,2555.255045161592
33,82.33366866734438,1,1824.403912241178
66,82.38187866609469,1,2334.020638826225
33,82.42237031003495,1,1705.157719965065
66,82.42743072236566,1,2678.074427951068
33,82.44187690063673,1,1661.522023415903
66,82.44743163626718,1,2393.081276693274
66,82.45698009336847,1,2732.146758346534
66,82.5087342352959,1,2547.438334046947
33,82.55964343321055,1,1493.848127836665
66,82.57627878628266,1,2423.978305481483
33,82.71090274849554,1,1521.250368128461
66,82.74718621605523,1,2727.346827157036
33,82.76467997981777,1,1541.047481737446
33,82.77617604688096,1,1598.712572727583
66,82.77662165386222,1,2327.466437492333
33,82.85236570570031,1,1588.849261053309
33,82.85888553183229,1,1501.060509787682
66,82.89109781426257,1,2609.086920402227
66,82.92444270623865,1,2628.516991517703
66,82.95758736502538,1,2544.275087480723
33,83.02209184239152,1,1453.505322560862
66,83.08372259951428,1,2548.997511807243
33,83.1256471641766,1,1413.666419873175
33,83.17597231071129,1,1581.445220642579
66,83.19394412669331,1,2595.757235109513
33,83.43447931262261,1,1563.324203324303
66,83.44638650134661,1,2585.918929928456
66,83.50151687384766,1,2760.151787604425
33,83.61933172262289,1,1595.157936329041
66,83.62991297044046,1,2568.435404907816
33,83.81080549210232,1,1588.446737806124
33,83.90664533910172,1,1537.198190889574
33,83.92156268239064,1,1683.672620748464
66,83.97617917833989,1,2592.805420121124
66,84.04349403522716,1,2587.170732703245
66,84.0987428597367,1,2539.365267112857
66,84.11205057331466,1,2375.597586248297
66,84.18096345203371,1,2536.954778960879
33,84.24474738267499,1,1493.773890877475
66,84.30784651004842,1,2677.459901255959
66,84.36455383903271,1,2659.151384155562
33,84.38336802492344,1,1767.073221331224
66,84.45306785833027,1,2466.587034794003
33,84.46350428134782,1,1657.716079213911
66,84.47948448724276,1,2570.183291683951
66,84.5756640280526,1,2741.476471843459
33,84.64646691018288,1,1668.994200688782
66,84.65134728959342,1,2564.204473213485
66,84.67411897235373,1,2409.795841537443
66,84.69823510715787,1,2603.466348104299
33,84.7513476491532,1,1617.357517994146
66,84.76485190574718,1,2616.382399506052
66,84.85704080595204,1,2594.801644797322
66,84.94879628474081,1,2840.496783146392
33,84.97504831318531,1,1629.918154309951
33,84.98104891430965,1,1697.066969580427
33,85.06309088488794,1,1371.65356567362
33,85.12263556599272,1,1627.081008401801
33,85.14679647798788,1,1525.908718095998
66,85.14773472269462,1,2541.139949498657
66,85.1905735807792,1,2458.217489281277
33,85.24342487504288,1,1565.408628489662
33,85.24442346691427,1,1463.527935505643
33,85.30564325388255,1,1606.366896984484
33,85.5143780494663,1,1596.955960391834
33,85.68826888887622,1,1708.589809950413
33,85.70072266439212,1,1494.71011046156
33,85.73104900440988,1,1572.113459673855
33,85.9742032397465,1,1679.990640354175
66,85.97586685840491,1,2662.097871626141
33,86.02024736642518,1,1786.843232736466
33,86.30377487483671,1,1720.441733797019
66,86.31390819868786,1,2608.578037766959
66,86.33694088890428,1,2710.473927650005
66,86.33803076867011,1,2779.014171829865
33,86.36012254344624,1,1457.844618554206
33,86.39233256589866,1,1676.701889499656
66,86.40469676002115,1,2659.422712529804
66,86.43145778911398,1,2691.064339185568
66,86.43240581187057,1,2490.453348197453
33,86.62143907887051,1,1520.55974681629
66,86.64822079491351,1,2551.566228209025
66,86.716886106009,1,2601.28429461091
33,86.77371632446396,1,1654.58615285224
33,86.81988847466292,1,1663.367202990874
66,86.82244404498121,1,2880.411993807743
66,86.85638201308909,1,2506.943241861007
66,86.86106904240586,1,2716.213435688924
33,86.89332691673288,1,1675.150221118369
66,86.95070792170087,1,2763.64492750091
66,86.97822507577546,1,2603.491712815715
33,87.0622241442946,1,1726.921276836622
33,87.08923816947454,1,1579.575507871114
33,87.12187677489143,1,1659.28627451367
66,87.17136573871184,1,2572.025304076956
33,87.17756085039724,1,1676.715037537438
33,87.20401127929833,1,1655.270228888288
33,87.24960243618246,1,1473.159368349978
66,87.25511313090642,1,2696.830137666236
33,87.27008621198354,1,1691.916095322342
33,87.33900665733053,1,1626.421006504211
33,87.45815753262421,1,1735.125733104652
66,87.5143429623899,1,2783.031784587896
33,87.55235362119079,1,1660.137779596156
33,87.59910108981258,1,1672.681268938773
66,87.62240597369039,1,2581.182056280158
33,87.65863567691777,1,1663.741747004458
66,87.80633186713071,1,2547.694537212145
33,87.88922020694204,1,1659.860635013654
33,87.91646700798947,1,1577.259835550786
33,87.92775978264528,1,1592.538257915957
66,87.97394424670847,1,2635.437001829192
66,88.03196957145273,1,2436.457188556375
33,88.06647403355406,1,1485.466339834554
66,88.07221894807248,1,2501.77922878384
66,88.09248005335377,1,2713.441214581018
66,88.17625386245086,1,2630.155727349033
66,88.18375131163117,1,2754.328821338574
33,88.21120262557517,1,1523.630610869628
66,88.21726957944171,1,2467.846990666224
66,88.41210712129001,1,2672.271607194623
33,88.47663319773785,1,1556.994176663434
33,88.48766589431644,1,1660.000549519598
66,88.51424369371318,1,2695.088383797578
33,88.55874641072704,1,1552.946969290985
33,88.56509348241916,1,1597.703748620724
66,88.66343878296185,1,2606.249128721522
66,88.7066760494791,1,2782.266332667103
66,88.72471611469736,1,2733.397382808721
66,88.77726794531587,1,2647.755216295255
33,88.7951956262733,1,1608.93866905289
33,88.8438250105079,1,1650.008808053381
33,88.96526725112092,1,1728.026341118927
66,88.99174706147736,1,2705.657281989668
66,89.04930131008401,1,2519.622830348173
33,89.05409709499833,1,1632.730992546279
33,89.25074629613278,1,1507.632042647456
33,89.27586903045194,1,1645.292228859529
33,89.33897438660445,1,1577.018546776578
33,89.41060295877257,1,1505.006604132885
33,89.43648377087915,1,1658.234721243329
33,89.4964818348093,1,1699.340474719043
33,89.51959224636987,1,1540.313488315638
66,89.56713317029886,1,2626.960134502901
66,89.61184299890394,1,2646.592907937447
66,89.62699877231644,1,2489.003479126618
66,89.64981123988916,1,2787.824483290469
33,89.6650137188113,1,1619.066367920311
66,89.70550656296396,1,2667.069838000468
66,89.71184930696666,1,2514.959425567927
66,89.85527350027211,1,2705.250461048281
66,89.8600176697108,1,2757.797707980906
66,89.86603969399346,1,2577.137465563084
66,89.94265835323148,1,2616.95163126066
66,89.95177819086938,1,2490.67751074059
33,89.98394058186334,1,1632.259091603102
66,90.02900731248734,1,2704.92664431656
33,90.11049135058994,1,1815.986340836966
66,90.13633533694937,1,2595.059959530555
33,90.19140915810796,1,1568.61042031206
33,90.28943652670705,1,1592.855795300631
33,90.37415287682494,1,1542.803587323687
33,90.38053124083805,1,1717.522313257649
66,90.38757205050058,1,2485.813129124328
33,90.41463972621273,1,1577.624102207969
66,90.55870049757256,1,2657.307842336038
33,90.56481732963201,1,1565.800704550869
33,90.7440648612784,1,1588.625816463302
33,90.75317961580815,1,1573.206200087638
33,90.7578439903065,1,1748.923934418589
66,90.77194726946036,1,2777.17631205668
66,90.81863770526635,1,2692.873598301178
33,90.94008913156102,1,1528.043184184244
66,91.02887933789566,1,2751.223484864395
33,91.02993342610458,1,1620.882610792828
33,91.03144834874014,1,1545.289748400929
66,91.07035054302369,1,2690.232558496674
66,91.07048782675317,1,2681.627633798593
66,91.12107513020629,1,2605.824830475824
66,91.17171732330226,1,2716.314034049241
66,91.19341224459544,1,2677.899419413969
33,91.19344612594207,1,1708.436891577503
66,91.19474972850942,1,2713.672851484155
66,91.21655852881901,1,2694.976129560159
33,91.46874535779853,1,1584.057365788631
66,91.55824849672399,1,2623.796102814769
33,91.5978118492198,1,1730.298363254948
66,91.60165805595523,1,2815.20362639608
66,91.68600228078645,1,2871.133752663233
66,91.69555981273916,1,2794.145305723899
66,91.74884549071322,1,2532.277117960483
33,91.80508156591877,1,1582.667112669915
66,91.82087337599526,1,2622.550031705352
33,91.962621798595,1,1721.721977800315
33,91.98263541273158,1,1692.404525190652
66,92.19307168206498,1,2778.885735387704
66,92.20360142060108,1,2820.645721411167
33,92.22249997976334,1,1572.486934375267
66,92.25978129465716,1,2714.146593232758
66,92.26420210769058,1,2725.262557753876
33,92.29401923964726,1,1691.607569827928
66,92.3176847878924,1,2669.040953956862
33,92.31839093017408,1,1745.858948617392
33,92.46075153886096,1,1689.748516345343
66,92.49117452076075,1,2799.666101074398
33,92.52081018691244,1,1709.619865154186
33,92.54969052188903,1,1620.056279973122
33,92.63856910860557,1,1748.310406860053
33,92.69138109510932,1,1444.873784866409
33,92.77704832135382,1,1773.757926038694
33,92.86808874918947,1,1548.844687113822
66,92.87012061716831,1,2663.363420575493
33,92.87856039111061,1,1509.992877676172
66,92.87962337615637,1,2865.756919964598
66,92.98438886336987,1,2795.285302673313
66,92.99526239936121,1,2790.650396914507
33,93.00932974886376,1,1724.138680505191
66,93.02484461295354,1,2676.920121632928
66,93.05901904937632,1,2585.225049307953
33,93.10499184538197,1,1590.821145013892
66,93.14196332593402,1,2728.026048334413
33,93.19345942975609,1,1447.093084695604
33,93.22618721314834,1,1628.555157041675
33,93.22746608390943,1,1781.98832130181
66,93.23900511076847,1,2574.992140633236
33,93.27973596283069,1,1830.552648504906
33,93.29449632781495,1,1681.488030030789
33,93.33810524872398,1,1773.256654230143
33,93.35977226463007,1,1500.011860242625
66,93.38231396910459,1,2689.613172879728
33,93.39852989076495,1,1743.577671742629
66,93.40755156744923,1,2722.409115790703
33,93.42078755489854,1,1748.709396517897
33,93.43078243192299,1,1615.180882143927
66,93.48271672020692,1,2614.24252515669
66,93.55365609988824,1,2601.167297270195
66,93.69418193677385,1,2789.786651275143
66,93.72608706699434,1,2691.538337948681
33,93.73755354437142,1,1719.989921730534
66,93.76529352878879,1,2676.407707768696
33,93.86508899990903,1,1657.194266939088
66,93.93871317340211,1,2744.607237299746
33,93.96280977935595,1,1735.912739689562
33,94.00131433974688,1,1709.831172031762
66,94.09588545844528,1,2782.795747233742
66,94.16567215871866,1,2699.745049783721
33,94.17135636921493,1,1725.634284457051
33,94.34988580672776,1,1529.195891212538
66,94.43633659334044,1,2700.265570177364
33,94.45976705127227,1,1656.649962424878
66,94.48974337442176,1,2757.898273728276
33,94.50229906682537,1,1623.299400835933
66,94.509068037677,1,2834.173711320296
33,94.52119203758075,1,1912.186102795624
33,94.61759409917768,1,1810.013595273895
66,94.63290151160614,1,2737.686029181213
66,94.6945910633424,1,2604.936558896643
33,94.73996059339102,1,1767.80019467571
33,94.75428221141794,1,1678.986363029268
66,94.89526265343561,1,2697.931623723045
66,94.90120695341534,1,2710.983274630763
33,94.92905953046521,1,1691.7708789029
66,94.94621322588812,1,2679.75462307202
66,94.97795671955849,1,2683.439178900173
33,95.08840317769102,1,1448.096610689643
66,95.18120709360512,1,2647.971167604831
66,95.27142462225466,1,2783.632010542591
66,95.3479203653511,1,2790.591641864288
33,95.37622139515042,1,1771.099571790657
66,95.37741688417799,1,2764.86077500455
66,95.47377638440815,1,2755.407343603089
66,95.56926107052199,1,2769.871739627929
33,95.60120072559091,1,1799.486196178044
66,95.64982162524386,1,2782.826060392527
66,95.67433454800572,1,2693.405731473084
66,95.76844577062026,1,2898.775560455946
33,95.82010195141672,1,1675.838287471095
66,95.86725864537476,1,2772.64369829221
33,95.87392810642599,1,1819.870783648905
66,95.87729683676615,1,2847.516247154757
66,95.91236721993955,1,2916.784870523062
66,96.05073163294816,1,2680.854311030378
66,96.06590961001683,1,2708.463374655889
66,96.14760636609009,1,2926.70039090563
33,96.1531635090281,1,1605.858814911843
33,96.16036551149169,1,1708.749870465293
66,96.31690233835714,1,2720.970298042634
66,96.39818110979753,1,2739.420017849816
66,96.47235301512205,1,2832.973926612973
66,96.60209261815403,1,2942.179603236541
33,96.71742681770422,1,1873.800434267328
33,96.80328661096431,1,1623.622288421401
66,96.81914868912462,1,2769.446302883584
33,96.84578664162289,1,1587.799653445265
33,96.84734084029866,1,1576.685081482409
33,96.88056257014715,1,1752.495003313432
66,96.90186071036467,1,2845.505530577081
66,97.0320488380041,1,2781.10444059457
33,97.07535866860162,1,1650.144398186589
33,97.11644395193798,1,1864.140914617406
66,97.17283304487067,1,2641.394738510066
33,97.20517295257579,1,1610.995054392199
66,97.26176796632782,1,2783.707286487997
66,97.33343154960376,1,2681.306149421404
33,97.33476300954226,1,1767.330881392477
66,97.3849556732945,1,2893.824203343446
66,97.38671726554692,1,2777.062362053858
33,97.48848330126437,1,1610.515330837977
66,97.49437271144267,1,2646.21249396977
66,97.53740476745439,1,2745.846216670234
66,97.60151686271955,1,2871.626640589432
33,97.60642460359622,1,1739.314910696116
66,97.65407963740408,1,2750.528534968457
66,97.73657998136027,1,2885.626087737977
33,97.86365998140286,1,1668.041246311799
33,97.9412082888972,1,1731.440884576508
33,97.94577984953405,1,1796.585170397329
33,97.96001622284189,1,1916.001915787654
66,97.97493440595119,1,2600.793278675915
66,97.9894693535076,1,2704.336031486758
33,98.05112934047344,1,1784.948384933027
66,98.06133412187175,1,2882.968099635838
33,98.17198066765184,1,1877.631047398058
33,98.20002836940104,1,1725.378942115228
33,98.20066331538341,1,1543.835925061414
66,98.32385775866634,1,2811.797592973937
33,98.32918637902543,1,1689.415163179781
33,98.3658652857597,1,1793.065464664233
33,98.42810218114545,1,1554.20148508471
66,98.45371750664361,1,3015.231788828275
66,98.5130034484817,1,2776.848680411511
66,98.5220475592272,1,2945.155853402435
66,98.72640346534939,1,2662.580038209476
33,98.7484686343531,1,1731.378656135758
33,98.81987122911103,1,1657.226934323737
66,98.91512565194857,1,2817.963136758866
66,98.96750321946259,1,2919.604167888538
66,98.9694743045002,1,3001.460621981503
33,98.9977356810352,1,1747.752708938912
33,99.03681848476792,1,1670.14125134179
66,99.04616430848478,1,2711.512649133066
66,99.09448693039042,1,2752.013537326852
33,99.11318195594937,1,1799.274056934874
66,99.20367736384876,1,2924.531298631855
33,99.21944539841327,1,1717.127494487297
66,99.23049753541142,1,2781.267212063163
33,99.44572335982493,1,1945.979200993905
33,99.57619112337859,1,1843.966332504351
66,99.61021575070116,1,2678.148909629093
66,99.61277521883024,1,2745.539747495029
66,99.62279301177716,1,2844.961031540409
66,99.7658045066829,1,2920.75221890302
33,99.76588497472837,1,1865.967559259811
33,99.79447006615423,1,1508.12777932056
66,99.80770836354699,1,2780.420451142657
66,99.94621651170643,1,2984.696788243596
66,99.95610103614071,1,2946.313876765928
33,99.97507067022224,1,1797.866879553336
