x1,x2,t,y,c1,c2
.6323665724720429,90.28705257618418,0,511.94617,25,50
.7993803632399543,70.40744831412579,0,510.12607,50,50
.9253904180418826,27.37197262221552,1,1084.213,50,25
.9710145217613042,56.3264448323399,0,689.85651,,
1.00336116327765,27.05811090999203,1,911.08063,,
1.146386502674279,66.45875453119709,0,637.22504,,
1.200446881568074,44.7869058762474,1,1150.5117,,
1.234291138962995,86.99171868837044,0,448.49734,,
1.391467395420987,56.28961380133693,0,609.02032,,
1.556627399764377,91.90282879374159,0,441.73926,,
1.723651730978093,75.33234879275489,0,522.6272,,
1.806818172088998,28.06634929436808,1,1120.9651,,
1.925956484819225,41.2438485918485,1,979.66223,,
2.048343843168332,46.32107206945692,1,1013.7643,,
2.05246665752522,9.800036684698233,1,1084.7782,,
2.079887648359324,58.25116775002456,0,664.31213,,
2.098654683871504,69.53144943584867,0,708.33575,,
2.175337601997895,41.78505976405583,1,1044.5127,,
2.445341413070834,46.30073358368328,1,980.68982,,
2.601969006284344,25.31847266998814,1,1013.352,,
2.846092028710745,93.91440944120754,0,496.98264,,
2.911716376927032,18.44364760533638,1,958.54004,,
2.97278126349475,51.33184027159318,0,528.94769,,
2.977610073320591,42.1946332549357,1,991.24872,,
3.13624125817128,85.06484451236275,0,563.54297,,
3.198046422709899,41.02652994459263,1,1087.7454,,
3.436864194958711,61.07985133222456,0,655.71765,,
3.819493877154334,27.36583038115693,1,995.2262,,
3.872999746978711,44.66322599964055,1,1085.4181,,
3.900890692437342,95.41052837017018,0,519.25958,,
3.927117414576753,48.45688982261548,1,966.4447,,
4.055513277796241,54.94464777101285,0,553.48981,,
4.107069067703561,68.51119100692479,0,565.70508,,
4.107360578741581,31.62398974242814,1,1082.1128,,
4.236721468395743,1.396772723603112,1,1007.6113,,
4.246083395848787,81.09675102085532,0,399.92316,,
4.79950132620136,3.105685442698969,1,1121.6188,,
4.921466249435492,16.80731054426755,1,1015.6403,,
4.945736547730729,90.50739520421939,0,638.5827,,
5.28136366397386,3.816888342338165,1,1166.7178,,
5.286255162546183,24.34949818222679,1,1008.7996,,
5.292077705675846,34.54404865243118,1,1166.3005,,
5.456019018373215,2.423597608489325,1,1098.6885,,
5.514879675149198,79.52191954475757,0,670.78058,,
5.550786402343489,14.5726452232768,1,1118.8477,,
5.844946357551317,66.88520342365224,0,557.43018,,
5.855407629915355,89.64658744062479,0,606.62415,,
6.264880059540701,69.3278360834175,0,701.50165,,
6.302979187108482,63.76677731339452,0,575.83759,,
6.384637467031384,42.33167266088961,1,977.47858,,
6.388700645709989,60.72022979162723,0,608.41345,,
6.562476198810419,2.156620427519662,1,1006.545,,
6.620028048231397,95.80148721120264,0,542.58392,,
6.715685524092574,44.46363291014143,1,1131.0428,,
6.84466444946813,24.45763638433015,1,864.89764,,
6.926264223204449,62.39856974522596,0,733.43726,,
6.985135964979994,15.5706397649343,1,1140.7052,,
7.066799813012493,78.35900573644231,0,449.83014,,
7.312943637533687,26.95438749607774,1,966.37201,,
7.336589625737277,64.15206066913214,0,522.28754,,
7.377680160289756,53.86603388123111,0,552.65308,,
7.385451005676902,91.18399333611079,0,713.08411,,
7.681062560234075,37.36813127775237,1,1043.6725,,
7.791718275878756,5.348187053623709,1,997.565,,
7.856789303302014,9.044260087642375,1,1092.8606,,
7.861867643114262,92.39001929021733,0,651.48328,,
7.922871301206468,62.62949615790884,0,583.61084,,
7.954911809804155,4.080529273217215,1,1096.1692,,
7.981064205448208,.9847501913607837,1,816.74127,,
8.006688954671393,22.71265509863175,1,1171.8678,,
8.043212622471197,13.9932449144475,1,1046.7031,,
8.043722589670665,93.36322552817636,0,571.45483,,
8.069532174476512,92.52728697311248,0,527.58582,,
8.11821289867728,28.59642484786235,1,969.26373,,
8.321967667068753,75.15648549883703,0,655.64783,,
8.443248136126281,49.76922252279269,1,1090.7885,,
8.58609114807426,30.11462523376957,1,856.36444,,
8.744108388485772,97.2609412002037,0,624.05365,,
8.780405688231852,7.886256983130624,1,999.02325,,
8.827633199053786,99.1868894343164,0,554.33282,,
8.954909248526299,16.43215685433998,1,1048.3201,,
8.994577581324014,97.69728890562571,0,628.43646,,
9.001045169553501,61.76964328869378,0,560.58893,,
9.04028567384808,18.34818359409701,1,877.38751,,
9.041142076251074,5.890566208606762,1,962.81921,,
9.065792272491569,29.31561406623465,1,937.21173,,
9.329452830369023,26.58617778667048,1,1051.7865,,
9.374939634871515,68.76044178120314,0,672.44666,,
9.391460315438971,26.37921308881536,1,1125.3392,,
9.442978544357594,6.390154213996391,1,1067.7126,,
9.673215567914328,50.25759748084023,0,515.60333,,
9.792666268865247,69.50385116694665,0,455.65747,,
9.988104876833626,73.50888021648022,0,531.79504,,
10.44331988459116,7.463947316916009,1,918.44165,,
10.47170555472704,42.44954163616129,1,950.88519,,
10.50914789755676,3.787802049666078,1,1105.5374,,
10.53148393332285,91.60962726883165,0,564.72089,,
10.55513412482266,72.99847650999254,0,743.73859,,
10.59658750932152,59.01435886355871,0,695.65222,,
10.63764767948207,95.11142997618894,0,680.54578,,
10.64250860582473,89.98822927958207,0,470.18121,,
10.67347114107907,94.97462618560283,0,555.04663,,
10.74240272833148,78.95172364197815,0,755.54993,,
10.99658156262077,76.93897540176381,0,700.31335,,
11.02491373581497,34.24663754631042,1,854.2735,,
11.0646503560398,36.01417421220187,1,1209.9817,,
11.11626226898198,91.72983140193381,0,620.10248,,
11.18520962483597,33.9340983179609,1,1001.4102,,
11.39581136621347,20.72522071904214,1,1141.3979,,
11.43889452629975,37.03868580403725,1,826.93005,,
11.51079042649518,.2945086247289397,1,993.53522,,
11.53606252130602,22.6376697544913,1,987.76044,,
11.58505308219683,70.54606180670191,0,621.78613,,
11.68498474111605,79.57603322466042,0,585.57678,,
11.73647281431473,89.57174655194679,0,763.33105,,
11.74530090982678,67.40092357581725,0,454.88239,,
11.8871821920837,67.49748825476095,0,535.60168,,
11.90388357298221,25.91627798371417,1,1155.1031,,
12.09700848904641,26.68509690852167,1,925.09595,,
12.21564217446837,75.61636924864078,0,649.91003,,
12.2777391567222,70.20135372051767,0,624.15125,,
12.48897116104862,34.91731642017174,1,1058.4609,,
12.66870537193102,80.76423073724432,0,665.1217,,
12.70098038980113,56.71601436859807,0,740.53967,,
12.76359965072927,60.00546977736955,0,1001.8143,,
12.77385650787665,68.58876988052835,0,646.30298,,
12.85487587681037,48.05203555282557,1,1057.2294,,
13.12320658716327,46.57534066746251,1,1188.1857,,
13.23416342006963,65.99833084686752,0,411.00745,,
13.36014910355204,41.16842742899548,1,1058.9794,,
13.41011101043973,24.15058072317874,1,823.74316,,
13.50083244011716,38.68130567605365,1,1004.0371,,
13.66474707465409,17.59652283524674,1,991.59106,,
13.67052287378939,74.21144988713276,0,562.62012,,
13.8628239883993,23.89663686543954,1,852.07007,,
13.90371966682437,72.23660244982823,0,518.97443,,
13.93700859425909,36.77523051331507,1,1106.5002,,
13.97817189043505,7.849696741365698,1,1224.2672,,
14.1017085482693,24.98189108771308,1,1090.4716,,
14.10809327971211,94.67807973277097,0,714.62781,,
14.22672412946516,54.03709341285542,0,413.20142,,
14.30435404749536,39.07759504382883,1,916.13263,,
14.44288364324654,49.39401720649416,1,1071.3639,,
14.57362969273538,11.29691959806346,1,1079.6993,,
14.59211042434262,8.098991358444973,1,996.94159,,
14.60687194089826,38.87276555446068,1,1110.6042,,
15.00592664771153,47.83203875524514,1,1086.6274,,
15.09329391809034,55.82571124077968,0,749.54694,,
15.09759976257436,56.86806111326407,0,544.82129,,
15.1472510717252,7.053318704353872,1,963.008,,
15.49339176893087,92.75189526330912,0,447.21646,,
15.67528139587736,97.69524675269872,0,647.15912,,
15.70112505529001,24.56996834664654,1,1022.4069,,
15.70534802471234,63.9834138522743,0,464.00848,,
15.9044399608462,24.60694886193989,1,1089.1517,,
16.08747834923267,58.59050994220251,0,715.21185,,
16.10552561654411,13.74620902136364,1,1024.8268,,
16.17897319914178,58.23270345931716,0,677.89569,,
16.23110163801315,91.28085772764761,0,652.75189,,
16.23407736036063,87.48890030802085,0,698.58887,,
16.24780888673404,96.76497980798673,0,545.57916,,
16.47147241980686,28.28313498547092,1,973.04724,,
16.61398553921269,63.36354466544459,0,610.17859,,
16.6322894675527,87.88749762966367,0,607.62347,,
16.6414305571973,33.1445944645837,1,1110.6866,,
16.74389370036674,30.90713280862548,1,1123.5675,,
16.76437780431762,4.779009882737128,1,1098.7465,,
16.86031801625191,51.84117431480123,0,532.29309,,
16.99996333610773,6.021927116434267,1,1025.406,,
17.00390646765039,25.43576648892251,1,1084.4075,,
17.11285474709082,10.25811409350651,1,1008.2794,,
17.1395284448529,59.69035478925312,0,771.02539,,
17.210209017249,52.53158945802196,0,462.31876,,
17.30464251183871,76.96268873447848,0,664.83679,,
17.48566250814255,11.17329910527035,1,1052.686,,
17.69847174316196,51.92959559515479,0,461.77139,,
17.73161352647436,32.32708399701122,1,1132.4752,,
17.73616895850082,34.42568664803078,1,1220.4286,,
17.80601476542297,20.98772899703564,1,847.99957,,
18.08288452720416,92.85182040083427,0,594.03546,,
18.16782242123461,75.96541960932083,0,604.83624,,
18.17143132070532,54.98947868284362,0,627.92468,,
18.20866229707859,35.80145954340751,1,1246.4164,,
18.25589756675413,20.78690169600573,1,1227.8838,,
18.3144100764968,47.47474354802003,1,986.86902,,
18.31484682623382,13.70692637597749,1,944.90576,,
18.40695475500317,69.83003873079602,0,663.78534,,
18.43399599415944,8.437816350688909,1,1002.4324,,
18.59980008914112,70.50655269103714,0,640.7417,,
18.71006863427019,14.99414343622546,1,876.37616,,
18.93372830363805,47.32742379102931,1,863.34448,,
18.97993041563381,97.21041283445638,0,721.28528,,
18.98362753825044,92.95802242363166,0,689.94891,,
19.15311005043311,85.53118584318929,0,674.13684,,
19.17736665597637,65.45983820740126,0,614.38672,,
19.40681227251603,61.9981245321184,0,517.19354,,
19.42387904294142,68.83869230495533,0,518.79852,,
19.73484681562615,52.13485199225768,0,604.66522,,
19.83426997542325,7.955142788229807,1,904.86194,,
19.87557896050095,50.83201998631289,0,626.97699,,
19.97786304612938,9.271512412433191,1,1113.0256,,
20.04160884671237,57.63967099338988,0,577.11621,,
20.04812580940071,99.78458348136387,0,663.61719,,
20.08912980366414,15.70511409855025,1,1042.8658,,
20.13943874279477,13.87237980976907,1,1063.5549,,
20.16015181268914,69.72913175732914,0,493.42212,,
20.31856867408591,66.21599710583197,0,546.64447,,
20.34033322523409,67.61761296129733,0,577.54376,,
20.55028800274862,22.24180469804927,1,1025.9445,,
20.67476781794849,75.0713397623675,0,782.55017,,
20.74107808561051,97.79491690857284,0,558.36542,,
20.86170852132491,12.24567146399275,1,1000.0917,,
20.9292088154078,5.502697604624462,1,907.39679,,
20.99490499723266,31.8396569916385,1,984.38892,,
20.99777709212457,85.91102890138713,0,677.27692,,
21.10267865668943,61.46090887267582,0,441.26239,,
21.11551568281412,53.14898297491243,0,672.92303,,
21.12485693999134,7.549008011368718,1,1038.3949,,
21.15964545658414,6.775481521650162,1,1035.0204,,
21.33903978710111,99.38349591628109,0,624.89124,,
21.36655531899935,69.79904192693832,0,726.62494,,
21.48301904648912,81.74931785508262,0,615.70837,,
21.50952353557684,74.44526819225114,0,438.40173,,
21.7846622990045,51.54086639854537,0,634.29095,,
21.79974117833093,63.99632861945818,0,559.97369,,
21.8226235934529,57.72436242792701,0,512.50995,,
21.94034047277541,88.85188254354158,0,637.63953,,
22.02418243765109,49.38303050156051,1,1017.6405,,
22.02932277352335,61.61745623479823,0,543.11322,,
22.08994624566601,20.77187081437925,1,1227.03,,
22.12269964477346,84.63213203848085,0,570.38898,,
22.32986043624014,5.491230851532192,1,877.11652,,
22.33113569863515,67.47316214842515,0,335.32758,,
22.33243424684345,5.982139234205864,1,865.30676,,
22.3505148488142,7.622768901845223,1,1072.3564,,
22.39519176902344,94.89817316347015,0,457.17001,,
22.41612206027736,61.03103013084984,0,475.42621,,
22.46720353531441,43.40322090644651,1,909.10919,,
22.4704181444514,89.60729079095574,0,724.88727,,
22.53470878889726,86.28882178255711,0,777.2041,,
22.54042935949861,93.75593652378718,0,546.4635,,
22.99699291091896,65.46521466525667,0,521.88422,,
23.21538707299299,70.25745344384798,0,544.28406,,
23.31780578508062,93.37596880789921,0,641.99359,,
23.48548854719025,22.20655802561059,1,971.81165,,
23.5572910251333,59.4734092368938,0,615.06409,,
23.56237038034866,77.78262905876615,0,625.36786,,
23.63801173580898,67.26833075844937,0,678.38477,,
23.70036488997506,5.791979444517159,1,920.87585,,
23.91418754432032,44.99052630083845,1,1191.9893,,
23.97805067843389,37.79601045746873,1,1022.0839,,
24.02839353099379,35.42330390778822,1,1145.4033,,
24.09604592123463,9.131997529094626,1,1021.6451,,
24.1257452695213,88.06061129225819,0,592.73126,,
24.20104021546089,90.87767852660892,0,564.54236,,
24.22686246164977,74.15647724075815,0,617.83405,,
24.27849525068287,35.94745301519618,1,1074.828,,
24.43663237902251,21.57881603299995,1,971.13092,,
24.44448221347496,53.50174908451128,0,643.36774,,
24.57398261883775,80.36210068031794,0,718.53448,,
24.94507405670457,11.79315286450581,1,1088.0831,,
25.02952783070288,64.85692853268587,0,728.23694,,
25.05557625723701,73.79530776987814,0,545.95502,,
25.30473552858931,8.396558274328736,1,1113.3307,,
25.87971319726477,36.94215067914671,1,1047.3339,,
25.90691247461566,76.0178143715785,0,609.32147,,
25.94180311942195,52.78316327830023,0,606.95062,,
25.95811743463926,34.02808417815554,1,1018.1491,,
26.31298924346525,50.24509721864262,0,755.39258,,
26.58498857790045,99.73616661508459,0,702.40814,,
26.59542861280811,35.40218537707606,1,1071.9277,,
26.63673503865153,78.60014477919533,0,685.521,,
26.72473031790433,.6287943629634474,1,1093.8496,,
26.77620790801606,52.90270112382621,0,610.69244,,
26.90787495040531,6.138284695172313,1,832.8006,,
26.99246158029173,85.01335444372812,0,597.82007,,
27.17045858951387,62.04901851147721,0,874.52802,,
27.27508515642446,97.96749268212065,0,657.87848,,
27.31793536324852,12.16377768032785,1,1113.0784,,
27.42302018263413,57.3848455102646,0,511.12418,,
27.59307227830202,66.23641380309444,0,492.70221,,
27.82803049550929,43.43425301558589,1,1067.2783,,
27.87810942144778,8.080991441332353,1,1057.0127,,
28.10361483339879,3.058976172713301,1,1084.604,,
28.12533333164818,56.74134603018012,0,480.48648,,
28.1960666344795,62.87629318437256,0,609.75134,,
28.2010009561623,36.29296234932916,1,1176.115,,
28.47304297762164,19.59035255482268,1,1050.6437,,
28.63316503395473,98.00893664640326,0,573.71802,,
28.63613402998056,71.29317689411005,0,517.96124,,
28.80687828729748,54.04807422054859,0,629.6897,,
28.838282882588,54.26168807568602,0,766.92145,,
29.04550103087317,93.17445199719255,0,710.24396,,
29.1351477454345,64.37576538115809,0,676.52252,,
29.15759002234771,42.0261470722682,1,1231.9454,,
29.27726240832208,88.08424057310521,0,570.19672,,
29.47655707985023,.3767916334344368,1,970.92169,,
29.56947082726268,9.997011567359737,1,1372.7769,,
29.95565011809981,9.870843557677677,1,1119.9478,,
30.00883109514171,88.75442005649084,0,730.98663,,
30.08386830923148,72.20682272098897,0,686.5401,,
30.16382536105607,54.20756771703312,0,579.03302,,
30.26652354537084,44.6471059025397,1,898.46497,,
30.27776481260765,90.88611046020768,0,507.58768,,
30.38071184339571,40.92720055895745,1,1130.4237,,
30.51121749200082,14.62758002343448,1,1006.3359,,
30.57157217275751,53.5212443748475,0,684.30402,,
30.59339770538948,99.33955974253362,0,561.89606,,
30.62169626560246,58.6813470503566,0,567.73407,,
30.76988798024446,95.99809569573169,0,702.4895,,
30.77927039514404,39.56628746555285,1,1063.811,,
30.78636277493981,39.74958562311283,1,916.26929,,
30.85040020737225,24.17973986542793,1,1296.9484,,
30.86320039803837,75.74757063121719,0,609.53595,,
30.91493329197198,38.70340500372654,1,1023.0854,,
31.00325283780722,72.57231585963365,0,746.47968,,
31.01431034633729,69.78483811784132,0,627.58038,,
31.05963131989843,62.41456952601462,0,519.44604,,
31.09593639491025,44.77909809967569,1,1060.5052,,
31.19953700288997,23.92838883996024,1,1156.7555,,
31.45063511406171,59.71085311452543,0,670.87872,,
31.51922230486884,5.268788470796359,1,1072.4683,,
31.52932987139904,38.20267567896668,1,1089.2637,,
31.59519573379858,82.10156328747054,0,329.45578,,
31.85071456918761,99.56763382419901,0,616.05542,,
31.95205785879815,90.35350295150305,0,700.41956,,
32.00824113285666,58.9042256781613,0,486.95477,,
32.1107031121337,98.8303276680267,0,658.85327,,
32.31082304868335,96.63656501137567,0,720.60278,,
32.44483429389589,75.78137842642242,0,586.82446,,
32.65500880143816,93.12597769387367,0,586.90753,,
32.77722467835814,67.76159542597135,0,665.10699,,
33.15522480179393,69.84887554458977,0,521.578,,
33.28514875163685,46.83061782634802,1,1361.3477,,
33.29732235340074,37.7470266433119,1,1030.8546,,
33.37994179773428,24.07154212338228,1,1147.3882,,
33.42508291171692,59.89111659787151,0,388.21808,,
33.53692179301183,78.73155997194029,0,783.74487,,
33.55366675481745,83.16241725452549,0,654.15485,,
33.55378001523498,19.65655833102814,1,1187.2849,,
33.60629151562554,51.42940384543092,0,573.06537,,
33.83391835438262,50.68055111933219,0,696.89575,,
33.84839238578933,53.93052319100603,0,736.6665,,
33.85163791091818,78.31032816157018,0,560.91779,,
33.85428472131905,48.99892226288073,1,1161.801,,
33.87450775656581,7.545384181090753,1,1027.6169,,
33.89282478942121,19.55358993127924,1,962.18127,,
33.99261559804333,93.55503250150854,0,639.43811,,
34.00681543979013,41.83474096779575,1,1183.166,,
34.03880741454653,54.2932810923504,0,599.39447,,
34.11394457454918,67.94974602309807,0,655.74359,,
34.18793173572126,19.53953571225665,1,1102.9319,,
34.44811826968682,98.5030071165539,0,768.54218,,
34.55580500910605,.1574847419624104,1,999.83826,,
34.76285149628987,28.13187835232715,1,998.29065,,
34.77833864501834,59.23128833433623,0,676.21124,,
34.88616706549731,46.36713106255635,1,982.0708,,
34.89994263447493,87.28431764127281,0,576.90656,,
34.98145311380622,17.76097015695753,1,1046.7535,,
35.00423194214354,15.78464978009403,1,1079.8429,,
35.01788568959662,10.54169195821592,1,1233.4231,,
35.08679340949414,89.04883277228713,0,799.05743,,
35.15606158714185,49.75942265089442,1,1274.0573,,
36.19322450815673,96.19088800411049,0,708.07678,,
36.29566248983102,20.30177972569153,1,1073.2286,,
36.30326696864123,53.19866075981489,0,691.18872,,
36.35864805087109,24.71935448987293,1,1005.0117,,
36.43904466776141,86.16649218598172,0,783.17578,,
36.50298172948921,40.25644758743153,1,982.65668,,
36.52823439560019,1.447025466175711,1,948.46613,,
36.6472773339139,72.44246585551696,0,527.42059,,
36.67640307764447,63.13661354513979,0,361.82266,,
36.74418788410462,59.56929442116529,0,594.06787,,
37.06169522349517,58.05284913946037,0,613.41339,,
37.27462860649419,60.85726106505148,0,595.81879,,
37.29889108257672,93.67060068665795,0,576.80609,,
37.30142037989962,57.6920578050525,0,511.30835,,
37.36078101073129,87.91245213712658,0,509.92484,,
37.36236102491966,45.99756747295752,1,992.45233,,
37.40522894583117,48.56354402547526,1,868.67371,,
37.43360802493482,5.020248411395134,1,954.10907,,
37.64977874714,6.757459911982256,1,1033.0449,,
37.83767358182438,72.23713226867702,0,629.43542,,
37.92519486347735,47.81681407276609,1,1199.0573,,
37.92626762995271,66.8384428955828,0,427.57388,,
38.0503463668202,96.25267513137771,0,572.25818,,
38.11365645987755,54.43528335580391,0,649.35785,,
38.27556378282521,49.57199328892107,1,1155.0845,,
38.4281780159207,73.09110996065925,0,636.14069,,
38.46957223824209,83.19435428430091,0,755.26923,,
38.5606564449883,84.39951400961068,0,519.20001,,
38.6021871218822,40.28987932403047,1,967.22546,,
38.67846938133962,40.08219869774125,1,1260.3318,,
38.71182131666752,58.72831963460102,0,478.3873,,
38.83740910524202,51.27891514127391,0,621.69153,,
39.28006926501554,99.1931925835711,0,434.5527,,
39.30533828549957,25.4343023499762,1,1201.5264,,
39.30966701721329,27.70640827322765,1,942.5307,,
39.36564419563086,35.57634183211188,1,1143.6688,,
39.3824287037485,83.46204481539932,0,684.17725,,
39.57034381627354,34.99643893118765,1,1293.0338,,
39.65531578039717,35.56544568682087,1,1165.7252,,
39.78116846389036,11.94724221770759,1,1060.0955,,
39.9288276922214,68.53461369426003,0,506.09775,,
40.05045025395381,37.09436831542568,1,1198.814,,
40.05079849466614,39.18841997300909,1,1081.8662,,
40.11574805072776,18.18219297544436,1,1078.0764,,
40.12846484780292,27.65842220012961,1,1127.0614,,
40.32661232266307,.2161468230309382,1,1139.4878,,
40.58631220737949,77.94473151289468,0,919.64044,,
40.7144363159523,22.76228763359586,1,998.76013,,
40.71992736102467,37.29745799228549,1,1143.4388,,
40.76576477228026,64.42120898238261,0,532.40979,,
41.13769896792107,.0775479348968156,1,1170.7312,,
41.14991886238627,90.75533043557246,0,729.38696,,
41.3568431048028,77.22730868255016,0,505.54419,,
41.38285254252766,23.32554526412741,1,1126.9529,,
41.53120889477094,25.66146508442556,1,1070.4792,,
41.79747326631721,29.37533090915067,1,1117.0059,,
41.86847730507198,57.27733235977647,0,751.88074,,
41.92436292424132,54.45282094359375,0,760.55505,,
41.9344377831907,44.6062586431914,1,1253.3542,,
41.96526640759476,74.54018050091837,0,632.79346,,
42.45879163130942,77.69065989177638,0,542.91132,,
42.4851552806154,85.76343359740811,0,503.05759,,
42.49846083903158,30.48724730763411,1,1205.5626,,
42.6539077620958,58.35386595332894,0,393.34641,,
42.75800427675473,75.47893699383862,0,552.1662,,
42.78100728250506,72.13288413057687,0,493.94601,,
42.86365455025448,41.20490740901725,1,1162.0778,,
43.00935374038005,89.72308673052453,0,743.10956,,
43.02129698513183,92.30343374168341,0,615.41815,,
43.07764023168629,99.10120706492496,0,706.58667,,
43.22710334305025,56.06688227192035,0,649.45496,,
43.29943964934429,81.86324656215095,0,705.23901,,
43.41191669544512,38.33701700731437,1,1056.7073,,
43.41918868990328,86.69048635465735,0,631.47803,,
43.42664565633775,49.47806460789111,1,926.51642,,
43.48005999706023,77.95144527301358,0,376.7684,,
43.5600048881246,90.15282621396271,0,703.77753,,
43.65753964623019,78.49337069703978,0,684.36664,,
43.7874519525633,88.14738929012765,0,644.32471,,
44.10677460508331,92.30433982582785,0,661.5741,,
44.12617062115663,70.37569950281439,0,652.85803,,
44.20303264649438,34.75217759100057,1,1130.9534,,
44.5327512194139,7.14853916280539,1,1210.4867,,
44.84226378186488,1.244014836165219,1,944.37866,,
44.86135346867209,13.39118188595879,1,1124.6932,,
44.93158004590657,49.2658475404341,1,1056.7982,,
45.16630411404091,43.14430481706265,1,1088.2911,,
45.3449897455987,55.60189941602912,0,530.17273,,
45.35963146792007,58.88250332619346,0,748.99738,,
45.40661081120331,70.28877414355146,0,682.9173,,
45.48389024686338,19.32084523902583,1,972.91974,,
45.59805533571132,20.7762095668626,1,1137.3081,,
45.67849557888108,4.409249463534193,1,996.78638,,
45.74291980969106,8.210159316073817,1,994.36218,,
45.79480828669558,77.80064139563477,0,767.02319,,
45.86943734707442,60.03217026990392,0,553.73376,,
46.09000793190491,86.73940163579368,0,730.98785,,
46.21468428561217,29.13434060439498,1,1153.9027,,
46.55832998644557,71.67655565227288,0,544.01953,,
46.63279421328429,59.75536636114235,0,760.83386,,
46.63622911228814,66.52669747188543,0,701.82068,,
46.81563936119309,9.765145898677307,1,1014.4067,,
47.03027129461012,31.9091190600514,1,1158.0347,,
47.46363660414433,48.80979317832473,1,991.27777,,
47.49769417626336,46.06740882960351,1,1097.4185,,
47.72657841797167,94.44398086469758,0,676.30579,,
47.82560486215056,25.76900931232346,1,1181.2219,,
48.01003608180875,79.77954265821855,0,720.36835,,
48.14857074117084,82.32892259841732,0,749.87238,,
48.23983492635959,34.05260099491109,1,1128.6438,,
48.68027082493843,74.07592620191771,0,570.0954,,
48.68046147013921,56.92375494903826,0,580.69244,,
48.69945651656577,85.44906287289888,0,673.50702,,
48.83123315432324,14.99750157679319,1,1007.4559,,
49.13140707301184,64.24315727128494,0,633.79755,,
49.17961790869786,64.66855663033326,0,654.03406,,
49.25986304309647,18.45606880272061,1,935.24304,,
49.29017637984169,12.8041499240377,1,1016.6662,,
49.45700293363641,92.12062730419439,0,826.64697,,
49.48189358287682,68.2249003507572,0,618.30182,,
49.60373494905254,31.84076693759762,1,1139.756,,
49.64104372503072,78.39908325380786,0,555.33698,,
49.65311709213091,72.02212859144542,0,637.73126,,
50.07400294127763,7.966981803974404,0,367.56973,,
50.21639808240101,90.84101401678274,0,608.94202,,
50.3250217146776,86.25374771854283,0,671.52655,,
50.44198621856256,20.85110222195016,0,474.20367,,
50.51196959637648,65.02874480383741,0,730.88165,,
50.69601349827214,73.32589511944022,0,732.14514,,
50.83664863248362,47.28597809104343,0,454.15021,,
50.90215929392393,61.62201421099635,0,663.60077,,
50.92439400295973,45.13254575864133,0,378.29181,,
50.96112043908071,41.19113994689471,0,606.09229,,
51.28227037818925,5.688304643431852,0,634.61316,,
51.32232416088743,10.06624033057352,0,576.48676,,
51.46732867058103,.6748174720328959,0,447.55035,,
51.61193412141959,15.23970348839364,0,459.30524,,
51.63842820311301,78.95530087086297,0,639.95599,,
51.76655840946624,94.40923843835633,0,552.52991,,
51.98399361771616,26.23371907697248,0,450.25912,,
52.45422117371331,18.9922313621245,0,574.96521,,
52.64900260414828,35.97949800027188,0,609.60986,,
52.67784746799325,65.72062323907072,0,798.60736,,
52.81040357351811,65.83005496433802,0,614.96313,,
52.91276380322895,35.39694847319871,0,670.17108,,
52.94173276454127,76.20792244413013,0,732.56805,,
52.95762513533776,41.06975603022186,0,679.48743,,
52.9668917627934,46.12965651078785,0,588.40027,,
53.05418858723908,22.21236809623292,0,665.05353,,
53.44970874214309,85.26918213327235,0,623.14374,,
53.53146171481843,73.50391388032786,0,663.70178,,
53.55044557769882,15.34112051742848,0,587.10065,,
53.62979241564935,74.09246497530666,0,569.98364,,
53.65277053161636,7.237027465002354,0,448.43329,,
53.97579265170523,83.41839653956359,0,540.42706,,
53.98327517386806,3.237303248990131,0,503.27081,,
54.00456673658002,95.14703223663462,0,636.48779,,
54.00878812253536,31.31896130174728,0,740.42554,,
54.02450191598928,91.00658847013224,0,723.29242,,
54.02836343000962,33.52655182741554,0,621.22571,,
54.13593692647781,28.40008443312462,0,549.78265,,
54.26014808019134,90.75317328862333,0,755.27606,,
54.29541707591054,49.1682148112463,0,405.40137,,
54.3504361897133,77.15830730145015,0,496.39822,,
54.37754475638153,.2131515481035851,0,378.07129,,
54.44174921842237,2.867881101572201,0,509.10855,,
54.44669277313762,90.76723145668045,0,713.45422,,
54.51568494628215,45.94003074220591,0,465.71912,,
54.92914758222175,90.78434183687526,0,691.08856,,
55.05946544542094,11.33967200534421,0,442.92773,,
55.07861173962082,38.40181391834209,0,650.7666,,
55.16488186894796,87.17916235608662,0,604.09277,,
55.2349396892886,45.60343642965935,0,725.73798,,
55.24833598849489,32.5451472614834,0,666.9447,,
55.35778773663601,81.38170000009976,0,636.88147,,
55.41510962830857,76.86259193719323,0,587.10571,,
55.43529495731304,70.05411668496971,0,736.12091,,
55.43868057797315,33.24327885400317,0,379.68933,,
55.55783995616393,69.16318066183092,0,596.69177,,
55.68135091479732,36.82211867454114,0,624.32806,,
55.80176781657994,77.73755222528656,0,679.78125,,
55.84221462353506,38.25210389722101,0,535.74567,,
55.89446680885258,28.25031531512029,0,469.64441,,
56.23931163053296,50.0817205864715,0,657.74237,,
56.3128447577378,47.62645521063674,0,512.81293,,
56.47850902552537,18.61077514143011,0,700.67322,,
56.55296118419025,82.86332359061342,0,821.11578,,
56.56618011997544,42.72381972258915,0,759.96655,,
56.74722864530239,63.87719100529049,0,650.12512,,
56.78484456335274,68.17222784312739,0,703.45886,,
56.83273769339857,52.02401681197947,0,645.28455,,
56.90233166776279,49.09504952043279,0,511.72556,,
57.12860120212254,29.95941432858532,0,432.13553,,
57.22887918229539,98.9542749055001,0,669.23993,,
57.2839093402148,66.9432133927604,0,740.05237,,
57.31634574072072,25.58772090370874,0,557.97931,,
57.32486669545468,89.55170251614571,0,780.58563,,
57.34081948004125,91.22934853663988,0,610.62689,,
57.46466101132361,61.65110131392214,0,739.3717,,
57.50377188896715,24.74416318610316,0,478.06372,,
57.56962639581921,65.05858275855088,0,712.3371,,
57.68312822383949,96.10324454364849,0,677.38892,,
57.79088192291238,33.0522721168739,0,566.41266,,
57.93213867753494,64.92512527959281,0,708.54651,,
57.94699342798625,39.26305301037086,0,508.24451,,
58.02632088659746,21.19493566071519,0,534.67145,,
58.10051350456286,85.35026496648548,0,619.51001,,
58.1125979282527,29.34904534860027,0,795.7525,,
58.18979830718754,42.3188429774087,0,514.91107,,
58.218129017637,92.74586772733056,0,672.5224,,
58.30491992770034,20.56077689128756,0,576.6825,,
58.31131574877274,93.87394438674431,0,619.2124,,
58.33212438282637,33.26745410762096,0,712.71863,,
58.33353542725025,46.39735182989671,0,604.61212,,
58.41930002522112,6.038113742558659,0,583.06,,
58.49740353642431,38.28851432335942,0,548.58563,,
58.70067077597617,.9166401445956152,0,522.51984,,
58.72960709504377,95.81420130867522,0,622.24219,,
58.82913903296107,22.05533587170364,0,588.78528,,
58.83455112128425,90.80251348110201,0,519.547,,
58.83810606561591,6.322056900276751,0,516.60352,,
59.00426761692176,14.64551835409599,0,566.742,,
59.13423438304287,96.67106906308824,0,655.6109,,
59.28687262591589,9.988056322587536,0,556.38403,,
59.35191540218882,70.2845870490942,0,473.49167,,
59.37202018732414,42.58796888988991,0,548.9621,,
59.512382465621,29.00245083604377,0,595.729,,
59.51976051404825,33.91214862762256,0,594.3053,,
59.61898689008843,77.97899138184087,0,602.05939,,
59.8005364397651,66.33199399114402,0,639.27301,,
60.19733344470214,95.74993463001148,0,720.3974,,
60.21263784362915,61.13197302326631,0,761.66772,,
60.35853806639796,66.66198102048374,0,591.70868,,
60.39234878120158,38.05145941292866,0,538.90778,,
60.39836070709993,83.27128375804995,0,549.67578,,
60.4305597864966,34.85669909267123,0,525.59692,,
60.62471806491677,81.74622862765203,0,598.24304,,
60.66781203296701,33.92164584284995,0,566.86377,,
60.76825720502374,13.03084355154679,0,676.43811,,
60.90168273862312,69.91007867542433,0,636.23425,,
60.96611891796638,9.352747273413876,0,524.72284,,
61.00124752292088,81.59674112038181,0,766.75684,,
61.05716292570461,88.78826135486551,0,659.08582,,
61.23920656228486,55.06107766343521,0,650.59808,,
61.37374797325087,15.81085433191954,0,622.44403,,
61.43179849914267,92.32471144168657,0,667.04199,,
61.4452268638083,75.03954534975213,0,711.26904,,
61.47240672858264,22.12063779154502,0,656.79236,,
61.58489685836922,32.32107847270888,0,669.69611,,
61.71101451244557,51.00384059028843,0,575.35693,,
61.74042144071256,38.52846236194068,0,478.31656,,
61.77410708992067,50.63290119572385,0,727.81165,,
61.7773335323461,97.7851861321883,0,733.88538,,
61.81326475780341,28.20302723975611,0,748.03455,,
61.82855782968545,98.77608148023421,0,732.48291,,
61.83427112113576,95.78154541714851,0,675.85547,,
61.93591473112564,99.54293966701971,0,630.56085,,
62.05674669531017,86.65138488535428,0,733.70593,,
62.06953514581185,73.58467987354044,0,671.16083,,
62.19430387370192,25.96726831894997,0,534.33362,,
62.77223822310371,18.58642256498543,0,592.99634,,
62.81645196037128,71.07457367600615,0,728.81311,,
62.87154391948396,2.72639822478834,0,583.92682,,
63.0024401475813,98.54819279131154,0,789.20416,,
63.22351291853702,50.67685551661246,0,530.64343,,
63.4633308991469,29.67106446053002,0,667.99304,,
63.53680020753417,85.25849811184256,0,637.67755,,
63.72045091624495,15.45526006807064,0,578.4787,,
63.80727441870631,95.2358186675138,0,786.94354,,
63.85259599269276,96.89285549969428,0,827.43518,,
63.85949487774322,81.56407643822764,0,649.18683,,
63.89719556370662,59.12732932466355,0,579.23981,,
64.05544383706895,87.32946109907445,0,790.38361,,
64.4906725477356,21.09175734750856,0,449.18118,,
64.56050492479064,74.03009791541298,0,755.80084,,
64.65263913183861,29.15240366858684,0,561.22559,,
64.69401277392687,90.27459433591859,0,687.20813,,
64.7227517248088,64.34007028569425,0,566.70605,,
65.02347778356509,48.76291757703319,0,575.40302,,
65.03215802627044,60.47082697705692,0,674.85693,,
65.15009932681684,33.06491526644984,0,485.95605,,
65.19125924769807,52.00708071075032,0,545.23773,,
65.1929371842909,63.52934700440488,0,694.81293,,
65.28133377772883,79.10564101401377,0,724.24939,,
65.52108006407545,18.06216773734856,0,803.67358,,
65.58061618831518,64.30221788596423,0,681.24512,,
65.64304485579964,83.31499508573288,0,666.11847,,
65.6822632353235,18.66703319693032,0,608.68677,,
65.80403963309486,66.39934491250837,0,739.34839,,
65.92710280287518,14.58708441644746,0,682.16675,,
66.01540760845708,31.40556564459812,0,663.75348,,
66.03433266390252,57.40372391385521,0,539.12366,,
66.29539016010088,88.79172728410244,0,580.43878,,
66.29776606292147,31.22505358141782,0,742.30011,,
66.38167871543713,92.24131704454729,0,666.97296,,
66.39024934903773,63.2497815753778,0,708.79224,,
66.39897195212173,16.37903341389643,0,643.4834,,
66.41797905085454,58.15929109543633,0,678.14606,,
66.47230124247946,10.35588102740371,0,584.74463,,
66.51298705151982,48.27224887622822,0,761.89026,,
66.52826602193466,56.22572129433089,0,477.00113,,
66.57749076872527,44.64198411500821,0,564.83466,,
66.66227263867067,46.34066240283491,0,655.47217,,
66.76610186106063,95.11168207057651,0,685.68085,,
66.80044701325721,20.15557537582232,0,567.85724,,
66.83639236883523,61.29923121730268,0,589.53534,,
66.84253635099196,41.82284361017722,0,492.17834,,
66.9102036141137,45.67322141783635,0,686.37762,,
67.01099296655698,4.428986135403267,0,532.95441,,
67.04665100628768,26.66725699026907,0,489.91605,,
67.07256327496725,74.2235986755084,0,872.40668,,
67.19625045399485,87.3973307715643,0,677.53424,,
67.21568318663577,6.648176024244268,0,766.21198,,
67.27041574677834,67.44878797524828,0,757.79535,,
67.54220066852172,30.01595297192588,0,706.15479,,
67.57975129256616,91.45043163860007,0,744.30981,,
67.66556499734769,61.97851290337891,0,413.91177,,
67.95459074772458,85.24726404015773,0,736.87561,,
68.02544930178361,14.11841704653466,0,549.862,,
68.05314094673236,30.90261712743257,0,693.81653,,
68.12661557135617,7.152145665831277,0,686.01556,,
68.15969070177501,29.10305601937778,0,498.35077,,
68.24532243437601,58.99720336975481,0,691.95001,,
68.4292992621703,88.6986335763303,0,672.09235,,
68.45284689684466,81.33998196079902,0,781.38507,,
68.57579480409719,4.495012180470848,0,490.58948,,
68.85787635583077,83.13301352306209,0,798.35913,,
68.96325637683093,97.80052070122414,0,793.5838,,
69.12247103379637,24.69749323388949,0,508.79828,,
69.30472474149767,77.24198510893564,0,741.18616,,
69.47044493783065,5.180940311279569,0,755.18591,,
69.50761191577686,24.1038815017525,0,687.51984,,
69.52978185878463,44.34585988606838,0,687.11768,,
69.54897159851886,68.83991923145626,0,676.68365,,
69.55996700057611,86.41366756046948,0,741.48431,,
69.57825271463139,75.95374445186776,0,727.60626,,
69.6130379077587,40.9136904683095,0,718.84406,,
69.74118347425676,9.943241768339728,0,525.41406,,
69.89328104264018,95.4167178151513,0,717.96429,,
70.08272284822056,61.71064008639539,0,716.26794,,
70.21206856918957,65.50257799140097,0,670.12848,,
70.2424109715232,53.33400391479272,0,743.31207,,
70.33986455768059,72.3825071171653,0,613.05359,,
70.50367070262638,26.63830257272873,0,599.63257,,
70.62429366018891,85.14816680033611,0,823.72083,,
70.7212984017156,18.65547350170992,0,567.11823,,
70.76243642138748,68.78851491194961,0,777.49634,,
70.82632486145887,72.46532369745619,0,813.46423,,
70.88563746164491,82.17470571864479,0,677.32904,,
70.91041005072076,14.69280842684367,0,673.74017,,
71.3537151406284,66.24729348290569,0,814.19934,,
71.37248729188352,72.22079254385065,0,773.55603,,
71.42656116892901,81.21479293358689,0,794.38403,,
71.46159717331089,82.26866075144289,0,635.6593,,
71.77802397358529,49.1167099424448,0,649.76825,,
71.90045222603962,64.60304505943675,0,663.97937,,
71.9779043657764,98.7337385886012,0,917.17908,,
71.97800832123066,42.90587232387427,0,615.96442,,
72.0743868899484,76.61251171606301,0,734.75177,,
72.08004067705556,55.11042961249167,0,510.03613,,
72.13821504920061,25.53772247670326,0,599.51923,,
72.15374410687511,78.45491436551143,0,606.2655,,
72.36600804875307,77.22055622291536,0,655.5647,,
72.67976322930844,27.43571368505869,0,508.13776,,
72.83104141978633,24.90518971410224,0,477.59308,,
72.94301605066173,4.97768406260467,0,506.43884,,
73.30799184979804,24.43499328968516,0,689.98248,,
73.35891768510575,32.62870552607201,0,556.34338,,
73.38880547884592,70.14509130530136,0,698.633,,
73.52119105357052,52.41426056430737,0,614.43811,,
73.56540102230026,8.273272953127686,0,551.31708,,
73.70586453755271,69.78564154185897,0,654.05841,,
73.86123042039056,1.675030752669071,0,492.62576,,
73.89869714253418,96.47508812511566,0,979.66022,,
73.93745448570138,95.3029722275908,0,767.25604,,
74.02846410138565,25.82960113867495,0,576.63007,,
74.10995923959976,54.97609908283357,0,646.64209,,
74.11275727139103,6.938968203972918,0,660.52563,,
74.13307152416714,85.39101382878947,0,643.49127,,
74.19210924803404,71.91235795180971,0,531.18884,,
74.22954341409093,39.33089319543289,0,595.92688,,
74.23535149058633,9.26950179499525,0,635.7312,,
74.33996825628255,68.69483316436626,0,857.60004,,
74.3831647133609,68.02381259892357,0,867.02563,,
74.40587211451356,17.28401291058795,0,582.32312,,
74.61998092450121,4.087463266000613,0,378.9693,,
74.62005857002055,44.97835117998182,0,546.73694,,
74.69974770637974,95.58288729944765,0,529.7312,,
74.76479751791071,10.61909847312091,0,721.89081,,
74.98562761529483,57.14924742270205,0,683.77881,,
75.00887814481482,97.46076224897678,0,723.41394,,
75.02577237565569,2.785056521967555,0,737.50928,,
75.04534948906549,15.54759820475965,0,483.15491,,
75.04570813833922,51.72999277805862,0,455.20929,,
75.2440973153773,73.54478651708996,0,666.47296,,
75.37759500215176,43.45848195590928,0,560.59454,,
75.72565764148372,2.744742842260639,0,421.92374,,
75.81027421295487,67.10451029217862,0,591.55756,,
75.82797064783298,32.32683255414626,0,640.78705,,
75.9281960520042,82.28931025461318,0,497.46143,,
75.96045863747379,16.84997038372001,0,543.95459,,
76.02000395986427,89.10797653430872,0,748.54492,,
76.02583042066743,76.32557878315974,0,549.62103,,
76.04533776245627,34.96324198161796,0,779.25775,,
76.23704514880788,72.86006856775703,0,488.80734,,
76.3159122486783,56.9450367305172,0,755.58435,,
76.38309957755521,34.07900893697601,0,676.75208,,
76.54069682030105,90.76440338016455,0,642.66473,,
76.60463898868008,78.90869610047467,0,751.01465,,
76.74328315490322,68.52821899538343,0,822.6283,,
76.74810161798217,15.15398110993097,0,578.42932,,
77.03570661371909,.5274547274933261,0,522.41962,,
77.12245379722732,12.84341025446177,0,407.51175,,
77.14463495558064,91.73959468444782,0,887.2901,,
77.22754466950514,27.39829241128416,0,553.6333,,
77.2373808312358,57.31318669704623,0,768.49579,,
77.32717878959666,61.81045841043421,0,671.55176,,
77.48249321055609,91.66058426350134,0,718.56641,,
77.52736953369313,14.04595395954354,0,482.69537,,
77.53130625435368,.4041579600707723,0,505.53107,,
77.58876600971676,74.31295859959182,0,836.04822,,
77.62243779776824,11.36048860065145,0,535.51709,,
78.12664541210478,60.87288287645573,0,452.35248,,
78.18484906616193,87.52918496464281,0,897.34833,,
78.50152100117475,35.42928776888884,0,813.39447,,
78.61651573359377,51.03003616005432,0,643.6098,,
78.64505482449783,2.027968656371437,0,647.69983,,
78.74965989989106,60.83501575300444,0,462.65463,,
78.75714743328346,.1459141902154015,0,545.56543,,
78.77723970136043,15.75163234383169,0,638.01532,,
78.94602800140126,14.99839603239167,0,635.58252,,
78.97576074118071,66.70833744712836,0,789.11298,,
79.10341880667797,88.73095360661002,0,658.54419,,
79.21717872634596,25.06189310185828,0,486.98004,,
79.46688857704494,76.10871429689556,0,727.84741,,
79.68947461607586,37.69920307392688,0,707.95258,,
79.95666678256647,4.336055338427347,0,611.71393,,
80.02212429162297,30.66596550756658,0,515.18958,,
80.08689609519266,39.88416921948785,0,614.97443,,
80.08914206043745,91.41592954204992,0,601.79846,,
80.18015368462275,58.89810247974848,0,715.27722,,
80.24465485291444,51.24682539064354,0,606.51801,,
80.41856620904095,70.7359314158588,0,705.40881,,
80.43697654455967,94.74919297294596,0,680.42328,,
80.46254843316639,57.32082711350549,0,731.74487,,
80.60667618860667,3.267731040003119,0,604.66449,,
80.98113255954958,31.6305171196413,0,777.29254,,
81.03098637978297,36.83738866806333,0,461.91168,,
81.25681985530289,16.94891460353177,0,460.16031,,
81.26296340383378,13.38700096819273,0,567.72668,,
81.33286088770163,11.43795099242199,0,586.79059,,
81.80497184113534,30.61686476679947,0,667.8056,,
82.36359151014639,6.119983250404204,0,668.5343,,
82.37138239171532,1.996687395569807,0,629.49884,,
82.51408900352132,92.18017951704992,0,914.97308,,
82.51919245310923,16.51763352355079,0,797.17242,,
82.55482533829138,15.59934925222516,0,559.22003,,
82.64149310279821,68.87269988705377,0,670.27069,,
82.67677963641408,38.64334724612469,0,484.72052,,
82.84064487864947,67.04202996158263,0,754.54999,,
82.89680403583604,23.06593371467153,0,635.61725,,
83.04162312046995,62.61888761860389,0,635.34857,,
83.13533791539106,66.6650241339981,0,643.73096,,
83.16202064977681,3.478606654114469,0,486.01508,,
83.22151082593176,99.06599588519843,0,695.38214,,
83.27191254501635,29.6908164438146,0,822.21631,,
83.63146174524367,19.23870169932937,0,576.15314,,
83.7124337555026,26.41784227520109,0,660.87946,,
83.7695089591293,32.71644942085147,0,777.31635,,
83.85603633935804,8.984953979105582,0,611.9165,,
83.96044277915938,40.37062484280411,0,687.3761,,
84.39599073650838,76.84643300674119,0,817.0553,,
84.49311696202614,21.31013027574805,0,589.59753,,
84.53824333361155,48.87786413417054,0,706.31708,,
84.620831279062,17.78997436122786,0,582.79865,,
84.83356008304367,27.50612781488234,0,700.29834,,
84.86841226798157,57.84642223909392,0,610.33459,,
84.87791540052744,58.11903402880544,0,624.03674,,
84.88396618438075,70.75632238192641,0,939.78595,,
84.98251237439442,96.684359321343,0,762.70544,,
85.11458492653959,62.42900288008838,0,754.90173,,
85.26068989172343,33.2732696919826,0,709.72321,,
85.35561209759894,5.719426447371012,0,531.45288,,
85.3877364983816,89.29587306895699,0,739.46448,,
85.56136275602876,76.57449358884051,0,651.01904,,
85.69601073745244,99.2002082129097,0,687.14716,,
85.7416414331155,36.29058036263163,0,475.50235,,
85.76054945316375,97.73848092596438,0,774.87946,,
85.84638959514096,20.52872084198211,0,579.99493,,
85.90833023257721,87.73233399920325,0,853.55475,,
85.98746473692228,59.82076381309046,0,616.6048,,
86.20024954230652,68.00594826949256,0,602.05219,,
86.41432347590558,31.2033632760664,0,448.67459,,
86.61621235297386,73.01226798492318,0,663.98938,,
86.70599788431889,80.5936646680444,0,609.17328,,
86.77911568219042,87.17684722270759,0,699.92609,,
86.80039336698646,76.22035239242032,0,842.55646,,
86.8166020509136,21.09156915383651,0,476.62592,,
86.8558306425799,13.59466282516054,0,726.18433,,
86.86012477753754,93.37380381479157,0,799.47955,,
86.95697835520487,33.20309342620919,0,493.38065,,
87.23093704546291,79.17666001965073,0,770.11975,,
87.61763885058839,73.47050375779892,0,706.92358,,
87.78383185267497,32.8373520286187,0,579.05371,,
87.83107385553628,80.83653751369015,0,788.11414,,
87.83545319567091,76.04085871744147,0,764.56519,,
87.89426328388082,78.49126424887626,0,675.08582,,
87.9823728852913,20.06318764680627,0,728.65289,,
88.09492245551735,26.5275984316364,0,572.51416,,
88.09890317915153,38.10163795790417,0,471.20956,,
88.20302592511843,8.131213374275303,0,661.5401,,
88.34890671950431,9.440093917148628,0,496.2247,,
88.41327574298526,88.9929564499096,0,710.71051,,
88.48963385937539,3.601638826281628,0,600.85541,,
88.65888006898378,33.2879542385233,0,719.11694,,
88.70749194209157,15.96082470506569,0,628.49982,,
88.77522255722222,55.26149023576016,0,804.17749,,
88.83486813446692,50.10470401005197,0,736.45319,,
88.96533228458991,54.57564223884116,0,734.8645,,
89.01363792121944,43.74751801479787,0,568.68793,,
89.21702916526655,43.22498865966237,0,621.89056,,
89.25817824651098,73.27730292697346,0,845.39587,,
89.32603601204025,13.86866129433703,0,572.06494,,
89.35366159611661,84.46374133316311,0,748.03674,,
89.40626137366088,24.86554774423889,0,734.79913,,
89.51175994367065,89.98740777822097,0,773.45636,,
89.57774155621679,56.3521323364885,0,696.32196,,
89.683196938122,4.827617538103601,0,450.61502,,
89.77747360987945,33.11486583776148,0,429.59009,,
89.84274265867018,68.80072180539806,0,700.79431,,
89.90564557502813,57.19656715598257,0,648.33118,,
89.92035394290693,26.95316077769784,0,583.19806,,
89.92406260653347,81.66519331114253,0,677.69666,,
90.12943811833166,98.02116949252105,0,686.08386,,
90.15038896783926,1.925265040164736,0,536.29205,,
90.16322600497772,7.895133177886249,0,737.9707,,
90.19396456262402,84.15037942665654,0,711.08392,,
90.39351963434635,20.29863464731424,0,517.4472,,
90.50742213984898,.3197657576301416,0,517.83636,,
90.55349965720228,90.82079562725852,0,765.30743,,
90.60305402315977,17.29602377205221,0,542.73499,,
90.68172063909104,26.56081309436284,0,769.49774,,
90.73936629141917,28.22705481119089,0,459.63934,,
90.77077666480309,75.4913874346118,0,678.94257,,
90.85030540308821,66.99781766136896,0,812.67615,,
90.94198681372282,95.88998482931041,0,766.31915,,
91.04501526190519,27.63115397447592,0,635.79205,,
91.10319327674564,19.72228998017981,0,622.99677,,
91.17268246153928,72.28702595249808,0,685.21411,,
91.43874105841344,36.81923230166296,0,674.84375,,
91.71824309019384,39.47074868078776,0,589.90546,,
91.74797462556779,16.68644260126905,0,704.96216,,
91.94028899781146,66.27022859032003,0,748.98578,,
92.06404284088804,40.52713281305259,0,840.01685,,
92.18009292532081,7.566784087539624,0,607.1897,,
92.22942142662173,6.908341547616292,0,776.74695,,
92.26811874565829,99.26460527162681,0,661.25415,,
92.38827121612408,93.36073322716224,0,879.39844,,
92.42270355449914,37.00573353154704,0,663.72711,,
92.51514033323353,73.1041740097649,0,605.65295,,
92.54340362856335,77.63487410644694,0,610.98547,,
92.55714191202308,10.5629010418434,0,542.77063,,
92.62960317376988,65.84759932649941,0,883.62244,,
92.72903469666785,17.09868368556086,0,440.8425,,
92.72961256145612,55.32540365961142,0,638.09949,,
92.84253845063647,86.44508821718149,0,832.5777,,
92.87975392438452,37.63890256117101,0,743.32104,,
92.89699255045808,21.80331953834068,0,601.42206,,
92.911971818894,65.80929997910096,0,650.91193,,
92.92117666981784,26.62060900669633,0,781.5827,,
93.04960943662395,4.624499227908629,0,679.7735,,
93.16380882906336,60.18212288898667,0,715.21002,,
93.21941752978965,57.61728524704674,0,711.75958,,
93.23121192724676,3.241786155485016,0,534.35352,,
93.29732350681663,4.522298082842335,0,628.60144,,
93.38218258568661,91.71817669690529,0,681.4201,,
93.5768626952472,95.54335178291585,0,821.23444,,
93.63219339127812,39.77037438523815,0,799.68384,,
93.72661590295841,69.97893544138566,0,831.00623,,
93.87948217348125,38.50565145034187,0,628.03772,,
93.97592689127689,39.10989064492195,0,582.70367,,
93.99739851612857,31.59864509414489,0,670.11578,,
94.06963766756397,37.09583769683395,0,779.46143,,
94.17501723208744,46.08827303801392,0,685.479,,
94.22579864136222,3.716866929165408,0,711.55206,,
94.27275874939768,96.58913242146981,0,618.80896,,
94.3778300004127,52.68856659296567,0,713.26575,,
94.63896007367619,58.42781618801435,0,558.54022,,
94.64347320696299,64.18704103322634,0,723.75604,,
94.68584324594315,3.440007534827638,0,460.48599,,
94.69795082455448,35.6762442588192,0,612.20343,,
95.01796445063117,65.17784300080615,0,689.2782,,
95.06453718257501,30.58013079798497,0,790.30304,,
95.15904004396855,51.17457818451418,0,680.09045,,
95.22986246843892,38.30640716700921,0,775.79895,,
95.27050170456526,44.0210500631618,0,667.78583,,
95.70476538241023,47.80707106380581,0,776.16095,,
95.73126821621062,56.45530682654029,0,721.9054,,
95.79217747304881,12.86300289704055,0,546.58356,,
95.84789351366344,21.22340598730624,0,626.11298,,
95.93287996147423,59.31956586551167,0,684.17725,,
96.21214123015213,7.115671870805585,0,662.95398,,
96.4567540825294,26.23371719985227,0,624.65369,,
96.49946320387647,86.03100120269723,0,792.45483,,
96.57939725160775,98.30907526380757,0,564.08636,,
96.74587145255077,38.42878132588486,0,676.75043,,
96.75380506969155,26.75906863341279,0,725.43365,,
96.95034193821923,3.041449205681912,0,382.71304,,
97.10310383037081,17.8902759700794,0,748.99664,,
97.12366219959399,65.87369062642964,0,710.51288,,
97.28310745996146,94.49586998997749,0,834.50244,,
97.33735076180979,20.32920091053488,0,465.65546,,
97.33828336194058,93.90776735006764,0,756.10315,,
97.69728556004388,63.35037799034596,0,766.39374,,
97.70181263027044,13.55069724278305,0,510.53143,,
97.81935489517068,30.82238606189128,0,547.35938,,
97.93745061117342,2.176541641077534,0,755.61304,,
98.06326849492002,60.32738017570038,0,590.15698,,
98.09138641520191,62.13440230153443,0,860.84406,,
98.14075275921434,99.04709805160901,0,716.51312,,
98.60740372318891,62.96097451800621,0,729.10107,,
98.63376297547644,92.43158180884669,0,629.22485,,
98.63492205614587,21.26912296789242,0,718.72522,,
98.97923577547002,22.44162320685029,0,611.33069,,
99.01435404607109,15.39404681748958,0,525.5451,,
99.38538497470564,22.70544734167709,0,781.9455,,
99.43132837664692,84.07838060671699,0,815.77216,,
99.44279469429766,88.08536134155268,0,735.99554,,
99.45060610039515,5.054419060863491,0,682.58746,,
99.52191755605081,28.88570833490694,0,624.69147,,
99.60072618520141,29.18550229671956,0,627.34973,,
99.61282251640512,31.40862023370855,0,751.2804,,
99.62104965634947,54.72474471882861,0,777.84259,,
99.76171188125875,1.254828735951319,0,618.49078,,
99.80935198570241,27.32095202836661,0,623.26678,,
99.89321212935415,32.31777745118786,0,563.73029,,
99.94878978922031,49.12476020553892,0,786.60309,,
